-- phpMyAdmin SQL Dump
-- version 4.5.1
-- http://www.phpmyadmin.net
--
-- Host: 127.0.0.1
-- Generation Time: Jul 26, 2016 at 09:37 AM
-- Server version: 10.1.9-MariaDB
-- PHP Version: 7.0.5

SET SQL_MODE = "NO_AUTO_VALUE_ON_ZERO";
SET time_zone = "+00:00";


/*!40101 SET @OLD_CHARACTER_SET_CLIENT=@@CHARACTER_SET_CLIENT */;
/*!40101 SET @OLD_CHARACTER_SET_RESULTS=@@CHARACTER_SET_RESULTS */;
/*!40101 SET @OLD_COLLATION_CONNECTION=@@COLLATION_CONNECTION */;
/*!40101 SET NAMES utf8mb4 */;

--
-- Database: `activity_prototype`
--

-- --------------------------------------------------------

--
-- Table structure for table `activity`
--

CREATE TABLE `activity` (
  `activity_index` int(10) UNSIGNED NOT NULL,
  `teacher` varchar(100) COLLATE utf8_unicode_ci NOT NULL,
  `unit` varchar(100) COLLATE utf8_unicode_ci NOT NULL,
  `name_english` varchar(100) COLLATE utf8_unicode_ci NOT NULL,
  `name_chinese` varchar(100) COLLATE utf8_unicode_ci NOT NULL,
  `date` date NOT NULL,
  `time` time DEFAULT NULL,
  `partner_name_english` varchar(100) COLLATE utf8_unicode_ci DEFAULT NULL,
  `partner_name_chinese` varchar(100) COLLATE utf8_unicode_ci DEFAULT NULL,
  `destination` varchar(100) COLLATE utf8_unicode_ci DEFAULT NULL,
  `approval_code` int(5) DEFAULT NULL,
  `approval_comment` varchar(300) COLLATE utf8_unicode_ci DEFAULT NULL
) ENGINE=InnoDB DEFAULT CHARSET=utf8 COLLATE=utf8_unicode_ci;

--
-- Dumping data for table `activity`
--

INSERT INTO `activity` (`activity_index`, `teacher`, `unit`, `name_english`, `name_chinese`, `date`, `time`, `partner_name_english`, `partner_name_chinese`, `destination`, `approval_code`, `approval_comment`) VALUES
(1, 'KW', 'MAT', 'Math Competition', 'Math Competition CHI', '2016-06-01', NULL, NULL, NULL, NULL, 1, 'asdf'),
(3, '1', '1', '1', '1', '2016-06-01', NULL, NULL, NULL, NULL, NULL, NULL),
(4, 'YS', 'Unit', 'ENG', 'CHI', '2016-07-01', NULL, NULL, NULL, NULL, NULL, NULL),
(8, 'YS', 'TEST', 'English Activity Name', 'Chinese Activity Name', '2016-07-14', NULL, NULL, NULL, NULL, NULL, NULL),
(9, '1', '1', '1', '1', '2016-07-15', NULL, NULL, NULL, NULL, NULL, NULL);

-- --------------------------------------------------------

--
-- Table structure for table `activity_student`
--

CREATE TABLE `activity_student` (
  `activity_index` int(10) UNSIGNED NOT NULL,
  `student_index` int(10) UNSIGNED NOT NULL,
  `student_enrollment_year` int(4) UNSIGNED NOT NULL
) ENGINE=InnoDB DEFAULT CHARSET=utf8 COLLATE=utf8_unicode_ci;

--
-- Dumping data for table `activity_student`
--

INSERT INTO `activity_student` (`activity_index`, `student_index`, `student_enrollment_year`) VALUES
(1, 654, 2015),
(1, 782, 2015),
(1, 791, 2015),
(1, 793, 2015),
(1, 794, 2015),
(1, 795, 2015),
(1, 803, 2015),
(1, 818, 2015),
(1, 823, 2015),
(1, 826, 2015),
(1, 829, 2015),
(1, 835, 2015),
(1, 836, 2015),
(1, 841, 2015),
(1, 843, 2015),
(1, 844, 2015),
(1, 846, 2015),
(1, 847, 2015),
(1, 854, 2015),
(1, 857, 2015),
(1, 861, 2015),
(1, 862, 2015),
(1, 865, 2015),
(1, 873, 2015),
(1, 875, 2015),
(1, 878, 2015),
(1, 883, 2015),
(1, 887, 2015),
(1, 893, 2015),
(1, 894, 2015),
(1, 895, 2015),
(1, 899, 2015),
(3, 1, 2015),
(3, 818, 2015),
(4, 138, 2015),
(4, 190, 2015),
(4, 196, 2015),
(4, 197, 2015),
(4, 199, 2015),
(4, 207, 2015),
(4, 210, 2015),
(4, 221, 2015),
(4, 225, 2015),
(4, 226, 2015),
(4, 239, 2015),
(4, 242, 2015),
(4, 246, 2015),
(4, 248, 2015),
(4, 254, 2015),
(4, 260, 2015),
(4, 274, 2015),
(4, 286, 2015),
(4, 299, 2015),
(4, 302, 2015),
(4, 304, 2015),
(4, 313, 2015),
(4, 319, 2015),
(4, 322, 2015),
(4, 326, 2015),
(4, 327, 2015),
(4, 334, 2015),
(4, 339, 2015),
(4, 363, 2015),
(4, 782, 2015),
(4, 818, 2015),
(4, 823, 2015),
(4, 826, 2015),
(4, 899, 2015),
(8, 1, 2015),
(8, 2, 2015),
(8, 3, 2015),
(8, 4, 2015),
(8, 5, 2015),
(8, 6, 2015),
(8, 7, 2015),
(8, 8, 2015),
(8, 9, 2015),
(8, 10, 2015),
(8, 11, 2015),
(8, 12, 2015),
(8, 13, 2015),
(8, 14, 2015),
(8, 15, 2015),
(8, 16, 2015),
(8, 17, 2015),
(8, 18, 2015),
(8, 19, 2015),
(8, 20, 2015),
(8, 21, 2015),
(8, 22, 2015),
(8, 23, 2015),
(8, 24, 2015),
(8, 25, 2015),
(8, 26, 2015),
(8, 27, 2015),
(8, 28, 2015),
(8, 29, 2015),
(8, 30, 2015),
(8, 31, 2015),
(8, 32, 2015),
(8, 33, 2015),
(8, 34, 2015),
(8, 35, 2015),
(8, 36, 2015),
(8, 37, 2015),
(8, 38, 2015),
(8, 39, 2015),
(8, 40, 2015),
(8, 41, 2015),
(8, 42, 2015),
(8, 43, 2015),
(8, 44, 2015),
(8, 45, 2015),
(8, 46, 2015),
(8, 47, 2015),
(8, 48, 2015),
(8, 49, 2015),
(8, 50, 2015),
(8, 51, 2015),
(8, 52, 2015),
(8, 53, 2015),
(8, 54, 2015),
(8, 55, 2015),
(8, 56, 2015),
(8, 57, 2015),
(8, 58, 2015),
(8, 59, 2015),
(8, 60, 2015),
(8, 61, 2015),
(8, 62, 2015),
(8, 63, 2015),
(8, 64, 2015),
(8, 65, 2015),
(8, 66, 2015),
(8, 67, 2015),
(8, 68, 2015),
(8, 69, 2015),
(8, 70, 2015),
(8, 71, 2015),
(8, 72, 2015),
(8, 73, 2015),
(8, 74, 2015),
(8, 75, 2015),
(8, 76, 2015),
(8, 77, 2015),
(8, 78, 2015),
(8, 79, 2015),
(8, 80, 2015),
(8, 81, 2015),
(8, 82, 2015),
(8, 83, 2015),
(8, 84, 2015),
(8, 85, 2015),
(8, 86, 2015),
(8, 87, 2015),
(8, 88, 2015),
(8, 89, 2015),
(8, 90, 2015),
(8, 91, 2015),
(8, 92, 2015),
(8, 93, 2015),
(8, 94, 2015),
(8, 95, 2015),
(8, 96, 2015),
(8, 97, 2015),
(8, 98, 2015),
(8, 99, 2015),
(8, 100, 2015),
(8, 101, 2015),
(8, 102, 2015),
(8, 103, 2015),
(8, 104, 2015),
(8, 105, 2015),
(8, 106, 2015),
(8, 107, 2015),
(8, 108, 2015),
(8, 109, 2015),
(8, 110, 2015),
(8, 111, 2015),
(8, 112, 2015),
(8, 113, 2015),
(8, 114, 2015),
(8, 115, 2015),
(8, 116, 2015),
(8, 117, 2015),
(8, 118, 2015),
(8, 119, 2015),
(8, 120, 2015),
(8, 121, 2015),
(8, 122, 2015),
(8, 123, 2015),
(8, 124, 2015),
(8, 125, 2015),
(8, 126, 2015),
(8, 127, 2015),
(8, 128, 2015),
(8, 129, 2015),
(8, 130, 2015),
(8, 131, 2015),
(8, 132, 2015),
(8, 133, 2015),
(8, 134, 2015),
(8, 135, 2015),
(8, 136, 2015),
(8, 137, 2015),
(8, 138, 2015),
(8, 139, 2015),
(8, 140, 2015),
(8, 141, 2015),
(8, 142, 2015),
(8, 143, 2015),
(8, 144, 2015),
(8, 145, 2015),
(8, 146, 2015),
(8, 147, 2015),
(8, 148, 2015),
(8, 149, 2015),
(8, 150, 2015),
(8, 151, 2015),
(8, 152, 2015),
(8, 153, 2015),
(8, 154, 2015),
(8, 155, 2015),
(8, 156, 2015),
(8, 157, 2015),
(8, 158, 2015),
(8, 159, 2015),
(8, 160, 2015),
(8, 161, 2015),
(8, 162, 2015),
(8, 163, 2015),
(8, 164, 2015),
(8, 165, 2015),
(8, 166, 2015),
(8, 167, 2015),
(8, 168, 2015),
(8, 169, 2015),
(8, 170, 2015),
(8, 171, 2015),
(8, 172, 2015),
(8, 173, 2015),
(8, 174, 2015),
(8, 175, 2015),
(8, 176, 2015),
(8, 177, 2015),
(8, 178, 2015),
(8, 179, 2015),
(8, 180, 2015),
(8, 181, 2015),
(8, 182, 2015),
(8, 183, 2015),
(8, 184, 2015),
(8, 185, 2015),
(8, 186, 2015),
(8, 187, 2015),
(8, 188, 2015),
(8, 189, 2015),
(8, 190, 2015),
(8, 191, 2015),
(8, 192, 2015),
(8, 193, 2015),
(8, 194, 2015),
(8, 195, 2015),
(8, 196, 2015),
(8, 197, 2015),
(8, 198, 2015),
(8, 199, 2015),
(8, 200, 2015),
(8, 201, 2015),
(8, 202, 2015),
(8, 203, 2015),
(8, 204, 2015),
(8, 205, 2015),
(8, 206, 2015),
(8, 207, 2015),
(8, 208, 2015),
(8, 209, 2015),
(8, 210, 2015),
(8, 211, 2015),
(8, 212, 2015),
(8, 213, 2015),
(8, 214, 2015),
(8, 215, 2015),
(8, 216, 2015),
(8, 217, 2015),
(8, 218, 2015),
(8, 219, 2015),
(8, 220, 2015),
(8, 221, 2015),
(8, 222, 2015),
(8, 223, 2015),
(8, 224, 2015),
(8, 225, 2015),
(8, 226, 2015),
(8, 227, 2015),
(8, 228, 2015),
(8, 229, 2015),
(8, 230, 2015),
(8, 231, 2015),
(8, 232, 2015),
(8, 233, 2015),
(8, 234, 2015),
(8, 235, 2015),
(8, 236, 2015),
(8, 237, 2015),
(8, 238, 2015),
(8, 239, 2015),
(8, 240, 2015),
(8, 241, 2015),
(8, 242, 2015),
(8, 243, 2015),
(8, 244, 2015),
(8, 245, 2015),
(8, 246, 2015),
(8, 247, 2015),
(8, 248, 2015),
(8, 249, 2015),
(8, 250, 2015),
(8, 251, 2015),
(8, 252, 2015),
(8, 253, 2015),
(8, 254, 2015),
(8, 255, 2015),
(8, 256, 2015),
(8, 257, 2015),
(8, 258, 2015),
(8, 259, 2015),
(8, 260, 2015),
(8, 261, 2015),
(8, 262, 2015),
(8, 263, 2015),
(8, 264, 2015),
(8, 265, 2015),
(8, 266, 2015),
(8, 267, 2015),
(8, 268, 2015),
(8, 269, 2015),
(8, 270, 2015),
(8, 271, 2015),
(8, 272, 2015),
(8, 273, 2015),
(8, 274, 2015),
(8, 275, 2015),
(8, 276, 2015),
(8, 277, 2015),
(8, 278, 2015),
(8, 279, 2015),
(8, 280, 2015),
(8, 281, 2015),
(8, 282, 2015),
(8, 283, 2015),
(8, 284, 2015),
(8, 285, 2015),
(8, 286, 2015),
(8, 287, 2015),
(8, 288, 2015),
(8, 289, 2015),
(8, 290, 2015),
(8, 291, 2015),
(8, 292, 2015),
(8, 293, 2015),
(8, 294, 2015),
(8, 295, 2015),
(8, 296, 2015),
(8, 297, 2015),
(8, 298, 2015),
(8, 299, 2015),
(8, 300, 2015),
(8, 301, 2015),
(8, 302, 2015),
(8, 303, 2015),
(8, 304, 2015),
(8, 305, 2015),
(8, 306, 2015),
(8, 307, 2015),
(8, 308, 2015),
(8, 309, 2015),
(8, 310, 2015),
(8, 311, 2015),
(8, 312, 2015),
(8, 313, 2015),
(8, 314, 2015),
(8, 315, 2015),
(8, 316, 2015),
(8, 317, 2015),
(8, 318, 2015),
(8, 319, 2015),
(8, 320, 2015),
(8, 321, 2015),
(8, 322, 2015),
(8, 323, 2015),
(8, 324, 2015),
(8, 325, 2015),
(8, 326, 2015),
(8, 327, 2015),
(8, 328, 2015),
(8, 329, 2015),
(8, 330, 2015),
(8, 331, 2015),
(8, 332, 2015),
(8, 333, 2015),
(8, 334, 2015),
(8, 335, 2015),
(8, 336, 2015),
(8, 337, 2015),
(8, 338, 2015),
(8, 339, 2015),
(8, 340, 2015),
(8, 341, 2015),
(8, 342, 2015),
(8, 343, 2015),
(8, 344, 2015),
(8, 345, 2015),
(8, 346, 2015),
(8, 347, 2015),
(8, 348, 2015),
(8, 349, 2015),
(8, 350, 2015),
(8, 351, 2015),
(8, 352, 2015),
(8, 353, 2015),
(8, 354, 2015),
(8, 355, 2015),
(8, 356, 2015),
(8, 357, 2015),
(8, 358, 2015),
(8, 359, 2015),
(8, 360, 2015),
(8, 361, 2015),
(8, 362, 2015),
(8, 363, 2015),
(8, 364, 2015),
(8, 365, 2015),
(8, 366, 2015),
(8, 367, 2015),
(8, 368, 2015),
(8, 369, 2015),
(8, 370, 2015),
(8, 371, 2015),
(8, 372, 2015),
(8, 373, 2015),
(8, 374, 2015),
(8, 375, 2015),
(8, 376, 2015),
(8, 377, 2015),
(8, 378, 2015),
(8, 379, 2015),
(8, 380, 2015),
(8, 381, 2015),
(8, 382, 2015),
(8, 383, 2015),
(8, 384, 2015),
(8, 385, 2015),
(8, 386, 2015),
(8, 387, 2015),
(8, 388, 2015),
(8, 389, 2015),
(8, 390, 2015),
(8, 391, 2015),
(8, 392, 2015),
(8, 393, 2015),
(8, 394, 2015),
(8, 395, 2015),
(8, 396, 2015),
(8, 397, 2015),
(8, 398, 2015),
(8, 399, 2015),
(8, 400, 2015),
(8, 401, 2015),
(8, 402, 2015),
(8, 403, 2015),
(8, 404, 2015),
(8, 405, 2015),
(8, 406, 2015),
(8, 407, 2015),
(8, 408, 2015),
(8, 409, 2015),
(8, 410, 2015),
(8, 411, 2015),
(8, 412, 2015),
(8, 413, 2015),
(8, 414, 2015),
(8, 415, 2015),
(8, 416, 2015),
(8, 417, 2015),
(8, 418, 2015),
(8, 419, 2015),
(8, 420, 2015),
(8, 421, 2015),
(8, 422, 2015),
(8, 423, 2015),
(8, 424, 2015),
(8, 425, 2015),
(8, 426, 2015),
(8, 427, 2015),
(8, 428, 2015),
(8, 429, 2015),
(8, 430, 2015),
(8, 431, 2015),
(8, 432, 2015),
(8, 433, 2015),
(8, 434, 2015),
(8, 435, 2015),
(8, 436, 2015),
(8, 437, 2015),
(8, 438, 2015),
(8, 439, 2015),
(8, 440, 2015),
(8, 441, 2015),
(8, 442, 2015),
(8, 443, 2015),
(8, 444, 2015),
(8, 445, 2015),
(8, 446, 2015),
(8, 447, 2015),
(8, 448, 2015),
(8, 449, 2015),
(8, 450, 2015),
(8, 451, 2015),
(8, 452, 2015),
(8, 453, 2015),
(8, 454, 2015),
(8, 455, 2015),
(8, 456, 2015),
(8, 457, 2015),
(8, 458, 2015),
(8, 459, 2015),
(8, 460, 2015),
(8, 461, 2015),
(8, 462, 2015),
(8, 463, 2015),
(8, 464, 2015),
(8, 465, 2015),
(8, 466, 2015),
(8, 467, 2015),
(8, 468, 2015),
(8, 469, 2015),
(8, 470, 2015),
(8, 471, 2015),
(8, 472, 2015),
(8, 473, 2015),
(8, 474, 2015),
(8, 475, 2015),
(8, 476, 2015),
(8, 477, 2015),
(8, 478, 2015),
(8, 479, 2015),
(8, 480, 2015),
(8, 481, 2015),
(8, 482, 2015),
(8, 483, 2015),
(8, 484, 2015),
(8, 485, 2015),
(8, 486, 2015),
(8, 487, 2015),
(8, 488, 2015),
(8, 489, 2015),
(8, 490, 2015),
(8, 491, 2015),
(8, 492, 2015),
(8, 493, 2015),
(8, 494, 2015),
(8, 495, 2015),
(8, 496, 2015),
(8, 497, 2015),
(8, 498, 2015),
(8, 499, 2015),
(8, 500, 2015),
(8, 501, 2015),
(8, 502, 2015),
(8, 503, 2015),
(8, 504, 2015),
(8, 505, 2015),
(8, 506, 2015),
(8, 507, 2015),
(8, 508, 2015),
(8, 509, 2015),
(8, 510, 2015),
(8, 511, 2015),
(8, 512, 2015),
(8, 513, 2015),
(8, 514, 2015),
(8, 515, 2015),
(8, 516, 2015),
(8, 517, 2015),
(8, 518, 2015),
(8, 519, 2015),
(8, 520, 2015),
(8, 521, 2015),
(8, 522, 2015),
(8, 523, 2015),
(8, 524, 2015),
(8, 525, 2015),
(8, 526, 2015),
(8, 527, 2015),
(8, 528, 2015),
(8, 529, 2015),
(8, 530, 2015),
(8, 531, 2015),
(8, 532, 2015),
(8, 533, 2015),
(8, 534, 2015),
(8, 535, 2015),
(8, 536, 2015),
(8, 537, 2015),
(8, 538, 2015),
(8, 539, 2015),
(8, 540, 2015),
(8, 541, 2015),
(8, 542, 2015),
(8, 543, 2015),
(8, 544, 2015),
(8, 545, 2015),
(8, 546, 2015),
(8, 547, 2015),
(8, 548, 2015),
(8, 549, 2015),
(8, 550, 2015),
(8, 551, 2015),
(8, 552, 2015),
(8, 553, 2015),
(8, 554, 2015),
(8, 555, 2015),
(8, 556, 2015),
(8, 557, 2015),
(8, 558, 2015),
(8, 559, 2015),
(8, 560, 2015),
(8, 561, 2015),
(8, 562, 2015),
(8, 563, 2015),
(8, 564, 2015),
(8, 565, 2015),
(8, 566, 2015),
(8, 567, 2015),
(8, 568, 2015),
(8, 569, 2015),
(8, 570, 2015),
(8, 571, 2015),
(8, 572, 2015),
(8, 573, 2015),
(8, 574, 2015),
(8, 575, 2015),
(8, 576, 2015),
(8, 577, 2015),
(8, 578, 2015),
(8, 579, 2015),
(8, 580, 2015),
(8, 581, 2015),
(8, 582, 2015),
(8, 583, 2015),
(8, 584, 2015),
(8, 585, 2015),
(8, 586, 2015),
(8, 587, 2015),
(8, 588, 2015),
(8, 589, 2015),
(8, 590, 2015),
(8, 591, 2015),
(8, 592, 2015),
(8, 593, 2015),
(8, 594, 2015),
(8, 595, 2015),
(8, 596, 2015),
(8, 597, 2015),
(8, 598, 2015),
(8, 599, 2015),
(8, 600, 2015),
(8, 601, 2015),
(8, 602, 2015),
(8, 603, 2015),
(8, 604, 2015),
(8, 605, 2015),
(8, 606, 2015),
(8, 607, 2015),
(8, 608, 2015),
(8, 609, 2015),
(8, 610, 2015),
(8, 611, 2015),
(8, 612, 2015),
(8, 613, 2015),
(8, 614, 2015),
(8, 615, 2015),
(8, 616, 2015),
(8, 617, 2015),
(8, 618, 2015),
(8, 619, 2015),
(8, 620, 2015),
(8, 621, 2015),
(8, 622, 2015),
(8, 623, 2015),
(8, 624, 2015),
(8, 625, 2015),
(8, 626, 2015),
(8, 627, 2015),
(8, 628, 2015),
(8, 629, 2015),
(8, 630, 2015),
(8, 631, 2015),
(8, 632, 2015),
(8, 633, 2015),
(8, 634, 2015),
(8, 635, 2015),
(8, 636, 2015),
(8, 637, 2015),
(8, 638, 2015),
(8, 639, 2015),
(8, 640, 2015),
(8, 641, 2015),
(8, 642, 2015),
(8, 643, 2015),
(8, 644, 2015),
(8, 645, 2015),
(8, 646, 2015),
(8, 647, 2015),
(8, 648, 2015),
(8, 649, 2015),
(8, 650, 2015),
(8, 651, 2015),
(8, 652, 2015),
(8, 653, 2015),
(8, 654, 2015),
(8, 655, 2015),
(8, 656, 2015),
(8, 657, 2015),
(8, 658, 2015),
(8, 659, 2015),
(8, 660, 2015),
(8, 661, 2015),
(8, 662, 2015),
(8, 663, 2015),
(8, 664, 2015),
(8, 665, 2015),
(8, 666, 2015),
(8, 667, 2015),
(8, 668, 2015),
(8, 669, 2015),
(8, 670, 2015),
(8, 671, 2015),
(8, 672, 2015),
(8, 673, 2015),
(8, 674, 2015),
(8, 675, 2015),
(8, 676, 2015),
(8, 677, 2015),
(8, 678, 2015),
(8, 679, 2015),
(8, 680, 2015),
(8, 681, 2015),
(8, 682, 2015),
(8, 683, 2015),
(8, 684, 2015),
(8, 685, 2015),
(8, 686, 2015),
(8, 687, 2015),
(8, 688, 2015),
(8, 689, 2015),
(8, 690, 2015),
(8, 691, 2015),
(8, 692, 2015),
(8, 693, 2015),
(8, 694, 2015),
(8, 695, 2015),
(8, 696, 2015),
(8, 697, 2015),
(8, 698, 2015),
(8, 699, 2015),
(8, 700, 2015),
(8, 701, 2015),
(8, 702, 2015),
(8, 703, 2015),
(8, 704, 2015),
(8, 705, 2015),
(8, 706, 2015),
(8, 707, 2015),
(8, 708, 2015),
(8, 709, 2015),
(8, 710, 2015),
(8, 711, 2015),
(8, 712, 2015),
(8, 713, 2015),
(8, 714, 2015),
(8, 715, 2015),
(8, 716, 2015),
(8, 717, 2015),
(8, 718, 2015),
(8, 719, 2015),
(8, 720, 2015),
(8, 721, 2015),
(8, 722, 2015),
(8, 723, 2015),
(8, 724, 2015),
(8, 725, 2015),
(8, 726, 2015),
(8, 727, 2015),
(8, 728, 2015),
(8, 729, 2015),
(8, 730, 2015),
(8, 731, 2015),
(8, 732, 2015),
(8, 733, 2015),
(8, 734, 2015),
(8, 735, 2015),
(8, 736, 2015),
(8, 737, 2015),
(8, 738, 2015),
(8, 739, 2015),
(8, 740, 2015),
(8, 741, 2015),
(8, 742, 2015),
(8, 743, 2015),
(8, 744, 2015),
(8, 745, 2015),
(8, 746, 2015),
(8, 747, 2015),
(8, 748, 2015),
(8, 749, 2015),
(8, 750, 2015),
(8, 751, 2015),
(8, 752, 2015),
(8, 753, 2015),
(8, 754, 2015),
(8, 755, 2015),
(8, 756, 2015),
(8, 757, 2015),
(8, 758, 2015),
(8, 759, 2015),
(8, 760, 2015),
(8, 761, 2015),
(8, 762, 2015),
(8, 763, 2015),
(8, 764, 2015),
(8, 765, 2015),
(8, 766, 2015),
(8, 767, 2015),
(8, 768, 2015),
(8, 769, 2015),
(8, 770, 2015),
(8, 771, 2015),
(8, 772, 2015),
(8, 773, 2015),
(8, 774, 2015),
(8, 775, 2015),
(8, 776, 2015),
(8, 777, 2015),
(8, 778, 2015),
(8, 779, 2015),
(8, 780, 2015),
(8, 781, 2015),
(8, 782, 2015),
(8, 783, 2015),
(8, 784, 2015),
(8, 785, 2015),
(8, 786, 2015),
(8, 787, 2015),
(8, 788, 2015),
(8, 789, 2015),
(8, 790, 2015),
(8, 791, 2015),
(8, 792, 2015),
(8, 793, 2015),
(8, 794, 2015),
(8, 795, 2015),
(8, 796, 2015),
(8, 797, 2015),
(8, 798, 2015),
(8, 799, 2015),
(8, 800, 2015),
(8, 801, 2015),
(8, 802, 2015),
(8, 803, 2015),
(8, 804, 2015),
(8, 805, 2015),
(8, 806, 2015),
(8, 807, 2015),
(8, 808, 2015),
(8, 809, 2015),
(8, 810, 2015),
(8, 811, 2015),
(8, 812, 2015),
(8, 813, 2015),
(8, 814, 2015),
(8, 815, 2015),
(8, 816, 2015),
(8, 817, 2015),
(8, 818, 2015),
(8, 819, 2015),
(8, 820, 2015),
(8, 821, 2015),
(8, 822, 2015),
(8, 823, 2015),
(8, 824, 2015),
(8, 825, 2015),
(8, 826, 2015),
(8, 827, 2015),
(8, 828, 2015),
(8, 829, 2015),
(8, 830, 2015),
(8, 831, 2015),
(8, 832, 2015),
(8, 833, 2015),
(8, 834, 2015),
(8, 835, 2015),
(8, 836, 2015),
(8, 837, 2015),
(8, 838, 2015),
(8, 839, 2015),
(8, 840, 2015),
(8, 841, 2015),
(8, 842, 2015),
(8, 843, 2015),
(8, 844, 2015),
(8, 845, 2015),
(8, 846, 2015),
(8, 847, 2015),
(8, 848, 2015),
(8, 849, 2015),
(8, 850, 2015),
(8, 851, 2015),
(8, 852, 2015),
(8, 853, 2015),
(8, 854, 2015),
(8, 855, 2015),
(8, 856, 2015),
(8, 857, 2015),
(8, 858, 2015),
(8, 859, 2015),
(8, 860, 2015),
(8, 861, 2015),
(8, 862, 2015),
(8, 863, 2015),
(8, 864, 2015),
(8, 865, 2015),
(8, 866, 2015),
(8, 867, 2015),
(8, 868, 2015),
(8, 869, 2015),
(8, 870, 2015),
(8, 871, 2015),
(8, 872, 2015),
(8, 873, 2015),
(8, 874, 2015),
(8, 875, 2015),
(8, 876, 2015),
(8, 877, 2015),
(8, 878, 2015),
(8, 879, 2015),
(8, 880, 2015),
(8, 881, 2015),
(8, 882, 2015),
(8, 883, 2015),
(8, 884, 2015),
(8, 885, 2015),
(8, 886, 2015),
(8, 887, 2015),
(8, 888, 2015),
(8, 889, 2015),
(8, 890, 2015),
(8, 891, 2015),
(8, 892, 2015),
(8, 893, 2015),
(8, 894, 2015),
(8, 895, 2015),
(8, 896, 2015),
(8, 897, 2015),
(8, 898, 2015),
(8, 899, 2015),
(8, 900, 2015),
(8, 901, 2015),
(8, 902, 2015);

-- --------------------------------------------------------

--
-- Table structure for table `student`
--

CREATE TABLE `student` (
  `student_index` int(10) UNSIGNED NOT NULL,
  `student_number` varchar(10) COLLATE utf8_unicode_ci NOT NULL,
  `name_chinese` varchar(20) COLLATE utf8_unicode_ci NOT NULL,
  `name_english` varchar(40) COLLATE utf8_unicode_ci NOT NULL,
  `gender` char(1) COLLATE utf8_unicode_ci NOT NULL,
  `active` tinyint(1) NOT NULL
) ENGINE=InnoDB DEFAULT CHARSET=utf8 COLLATE=utf8_unicode_ci;

--
-- Dumping data for table `student`
--

INSERT INTO `student` (`student_index`, `student_number`, `name_chinese`, `name_english`, `gender`, `active`) VALUES
(1, 'CDG000001', '陳以遜', 'CHAN YEE SHUN, NELSON', 'X', 1),
(2, 'CDG070113', '李臻', 'LI CHUN', 'M', 1),
(3, 'CDG080002', '歐陽大山', 'AU YEUNG TAI SHAN', 'M', 1),
(4, 'CDG080005', '陳駿霆', 'CHAN CHUN TING', 'M', 1),
(5, 'CDG080012', '陳嘉悅', 'CHAN KA YUET', 'M', 1),
(6, 'CDG080028', '卓君羚', 'CHEUK KWAN LING', 'F', 1),
(7, 'CDG080029', '張浩賢', 'CHEUNG HO YIN', 'M', 1),
(8, 'CDG080064', '林祖謙', 'LAM CHO HIM', 'M', 1),
(9, 'CDG080087', '李文媛', 'LI MAN WUN', 'F', 1),
(10, 'CDG080094', '廖康進', 'LIU HONG CHUN', 'M', 1),
(11, 'CDG080160', '黃樂軒', 'WONG LOK HIN', 'M', 1),
(12, 'CDG080171', '王耀文', 'WONG YIU MAN', 'M', 1),
(13, 'CDG080173', '黃婉瑩', 'WONG YUEN YING', 'F', 1),
(14, 'CDG080190', '袁紹均', 'YUEN SIU KWAN', 'M', 1),
(15, 'CDG090001', '陳靖', 'CHAN CHING', 'M', 1),
(16, 'CDG090002', '陳仲喬', 'CHAN CHUNG KIU', 'F', 1),
(17, 'CDG090003', '陳仲琳', 'CHAN CHUNG LAM', 'F', 1),
(18, 'CDG090004', '陳灝晴', 'CHAN HO CHING', 'M', 1),
(19, 'CDG090005', '陳凱盈', 'CHAN HOI YING', 'F', 1),
(20, 'CDG090007', '陳嘉雯', 'CHAN KA MAN', 'F', 1),
(21, 'CDG090008', '陳潔瑩', 'CHAN KIT YING', 'F', 1),
(22, 'CDG090009', '陳樂平', 'CHAN LOK PING', 'M', 1),
(23, 'CDG090010', '陳倩盈', 'CHAN SIN YING', 'F', 1),
(24, 'CDG090011', '陳瑞麗', 'CHAN SUI LAI', 'F', 1),
(25, 'CDG090012', '陳思敏', 'CHAN SZE MAN', 'F', 1),
(26, 'CDG090013', '陳詩婷', 'CHAN SZE TING', 'F', 1),
(27, 'CDG090014', '陳子軒', 'CHAN TSZ HIN', 'M', 1),
(28, 'CDG090015', '陳梓詠', 'CHAN TSZ WING', 'F', 1),
(29, 'CDG090016', '陳慧琳', 'CHAN WAI LAM', 'F', 1),
(30, 'CDG090017', '陳慧敏', 'CHAN WAI MAN', 'F', 1),
(31, 'CDG090018', '陳瑋彤', 'CHAN WAI TUNG DANA', 'F', 1),
(32, 'CDG090019', '陳韻而', 'CHAN WAN YEE', 'F', 1),
(33, 'CDG090020', '陳詠詩', 'CHAN WING SZE', 'F', 1),
(34, 'CDG090021', '陳欣玲', 'CHAN YAN LING', 'F', 1),
(35, 'CDG090022', '陳綺雯', 'CHAN YEE MAN', 'F', 1),
(36, 'CDG090023', '陳玉君', 'CHAN YUK KWAN', 'F', 1),
(37, 'CDG090024', '鄭志聰', 'CHENG CHI CHUNG', 'M', 1),
(38, 'CDG090025', '鄭創洲', 'CHENG CHONG CHAU', 'M', 1),
(39, 'CDG090026', '鄭灝賢', 'CHENG HO YIN', 'M', 1),
(40, 'CDG090027', '鄭海邦', 'CHENG HOI PONG', 'M', 1),
(41, 'CDG090029', '張靜宜', 'CHEUNG CHING YI', 'F', 1),
(42, 'CDG090030', '張海琳', 'CHEUNG HOI LAM', 'F', 1),
(43, 'CDG090031', '張名慧', 'CHEUNG MING WAI', 'F', 1),
(44, 'CDG090032', '張淑萍', 'CHEUNG SHUK PING', 'F', 1),
(45, 'CDG090033', '張子婷', 'CHEUNG TSZ TING', 'F', 1),
(46, 'CDG090034', '程思嘉', 'CHING SZE KA CATHERINE', 'F', 1),
(47, 'CDG090035', '趙曉欣', 'CHIU HIU YAN', 'F', 1),
(48, 'CDG090036', '趙燕寧', 'CHIU YIN NING', 'F', 1),
(49, 'CDG090037', '蔡?婕', 'CHOI KAI CHIT', 'F', 1),
(50, 'CDG090038', '蔡敏怡', 'CHOI MAN YI', 'F', 1),
(51, 'CDG090039', '蔡寶儀', 'CHOI PO YEE', 'F', 1),
(52, 'CDG090040', '鄒俊宏', 'CHOW CHUN WANG', 'M', 1),
(53, 'CDG090041', '周鉉淦', 'CHOW IN KAM', 'M', 1),
(54, 'CDG090042', '周樂芹', 'CHOW LOK KEN', 'M', 1),
(55, 'CDG090043', '朱曉淇', 'CHU HIU KI', 'F', 1),
(56, 'CDG090044', '朱文謙', 'CHU MAN HIM', 'M', 1),
(57, 'CDG090045', '朱洺漢', 'CHU MING HON ANTHONY', 'M', 1),
(58, 'CDG090046', '朱鎔偵', 'CHU YUNG CHING TERESA', 'F', 1),
(59, 'CDG090047', '鍾詠琪', 'CHUNG WING KI', 'F', 1),
(60, 'CDG090048', '鍾詠恩', 'CHUNG WING YAN', 'F', 1),
(61, 'CDG090049', '樊雅雯', 'FAN NGA MAN', 'F', 1),
(62, 'CDG090050', '范梓聰', 'FAN TSZ CHUNG', 'M', 1),
(63, 'CDG090053', '何宗禧', 'HO CHUNG HEI', 'M', 1),
(64, 'CDG090054', '何凱兒', 'HO HOI YEE', 'F', 1),
(65, 'CDG090055', '何旭培', 'HO YUK PUI', 'M', 1),
(66, 'CDG090056', '許映虹', 'HSU YING HUNG', 'F', 1),
(67, 'CDG090057', '許家齊', 'HUI KA CHAI', 'F', 1),
(68, 'CDG090058', '洪梓軒', 'HUNG TSZ HIN NICHOLAS', 'M', 1),
(69, 'CDG090060', '簡瑋彤', 'KAN WAI TUNG', 'F', 1),
(70, 'CDG090061', '姜穎詩', 'KEUNG WING SZE', 'F', 1),
(71, 'CDG090062', '江浩天', 'KONG HO TIN', 'M', 1),
(72, 'CDG090063', '江芷穎', 'KONG TSZ WING', 'F', 1),
(73, 'CDG090064', '古頌勤', 'KU CHUNG KAN', 'M', 1),
(74, 'CDG090067', '郭俊軒', 'KWOK CHUN HIN', 'M', 1),
(75, 'CDG090068', '郭禧慧', 'KWOK HEI WAI', 'F', 1),
(76, 'CDG090069', '郭雅晴', 'KWOK NGA CHING', 'F', 1),
(77, 'CDG090070', '郭?冰', 'KWOK WING BING', 'F', 1),
(78, 'CDG090071', '鄺家賢', 'KWONG KA YIN', 'M', 1),
(79, 'CDG090072', '鄺君豪', 'KWONG KWAN HO', 'M', 1),
(80, 'CDG090073', '鄺文皓', 'KWONG MAN HO', 'M', 1),
(81, 'CDG090075', '林卓興', 'LAM CHEUK HING', 'M', 1),
(82, 'CDG090076', '林健如', 'LAM KIN YU', 'F', 1),
(83, 'CDG090077', '林紫雯', 'LAM TSZ MAN', 'F', 1),
(84, 'CDG090078', '劉巧怡', 'LAU HAU YI', 'F', 1),
(85, 'CDG090079', '劉嘉琳', 'LAU KA LAM', 'F', 1),
(86, 'CDG090080', '劉美儀', 'LAU MEI YEE', 'F', 1),
(87, 'CDG090081', '劉少瑩', 'LAU SIU YING', 'F', 1),
(88, 'CDG090083', '羅芷晴', 'LAW TSZ CHING', 'F', 1),
(89, 'CDG090084', '李釗穎', 'LEE CHIU WING', 'M', 1),
(90, 'CDG090085', '李浩林', 'LEE HO LAM', 'M', 1),
(91, 'CDG090086', '李愷書', 'LEE HOI SHU', 'M', 1),
(92, 'CDG090087', '李家力', 'LEE KA LIK ALEXANDER', 'M', 1),
(93, 'CDG090088', '李君諾', 'LEE KWAN LOK AUSTIN', 'M', 1),
(94, 'CDG090089', '李冠華', 'LEE KWUN WAH', 'M', 1),
(95, 'CDG090090', '李佩兒', 'LEE PUI YEE', 'F', 1),
(96, 'CDG090091', '梁文楓', 'LEUNG MAN FUNG', 'M', 1),
(97, 'CDG090092', '梁佩瑩', 'LEUNG PUI YING', 'F', 1),
(98, 'CDG090093', '梁子鈴', 'LEUNG TSZ LING', 'F', 1),
(99, 'CDG090094', '梁慧晶', 'LEUNG WAI CHING', 'F', 1),
(100, 'CDG090095', '李泳欣', 'LI WING YAN', 'F', 1),
(101, 'CDG090096', '李鑫坤', 'LI YAM KWAN', 'M', 1),
(102, 'CDG090097', '李茵', 'LI YAN', 'F', 1),
(103, 'CDG090098', '廖頌恆', 'LIU CHUNG HANG', 'M', 1),
(104, 'CDG090099', '廖鎧欣', 'LIU HOI YAN', 'F', 1),
(105, 'CDG090100', '羅浩程', 'LO HO CHING', 'M', 1),
(106, 'CDG090101', '勞敬之', 'LO KING CHI', 'M', 1),
(107, 'CDG090102', '盧穎翹', 'LO WING KIU SAMANTHA', 'F', 1),
(108, 'CDG090103', '駱至健', 'LOK CHI KIN', 'M', 1),
(109, 'CDG090104', '呂詠詩', 'LUI WING SZE', 'F', 1),
(110, 'CDG090105', '陸凱欣', 'LUK HOI YAN', 'F', 1),
(111, 'CDG090106', '陸嘉儀', 'LUK KA I', 'F', 1),
(112, 'CDG090107', '龍詠希', 'LUNG WING HEI', 'F', 1),
(113, 'CDG090108', '麥嘉雯', 'MAK KA MAN', 'F', 1),
(114, 'CDG090109', '莫芷頌', 'MOK TSZ CHUNG', 'F', 1),
(115, 'CDG090110', '梅尚禮', 'MUI SHEUNG LAI', 'M', 1),
(116, 'CDG090111', '吳振威', 'NG CHUN WAI', 'M', 1),
(117, 'CDG090112', '吳凱欣', 'NG HOI YAN', 'F', 1),
(118, 'CDG090113', '吳洛妍', 'NG LOK IN', 'F', 1),
(119, 'CDG090114', '吳佩瑤', 'NG PUI YIU', 'F', 1),
(120, 'CDG090115', '吳芯茹', 'NG SUM YU', 'F', 1),
(121, 'CDG090116', '伍詠嫻', 'NG WING HAN', 'F', 1),
(122, 'CDG090117', '吳恩霖', 'NG YAN LAM', 'F', 1),
(123, 'CDG090118', '吳楊碧荷', 'NG YEUNG PIK HO', 'F', 1),
(124, 'CDG090119', '魏倩茹', 'NGAI SIN YU', 'F', 1),
(125, 'CDG090120', '彭浩謙', 'PANG HO HIM', 'M', 1),
(126, 'CDG090122', '布浩賢', 'PO HO YIN', 'M', 1),
(127, 'CDG090123', '潘秋宇', 'POON CHAU YU', 'F', 1),
(128, 'CDG090124', '潘曉穩', 'POON HIU WAN', 'M', 1),
(129, 'CDG090125', '潘凱瑩', 'POON HOI YING', 'F', 1),
(130, 'CDG090126', '岑皓陽', 'SHUM HO YEUNG', 'M', 1),
(131, 'CDG090127', '蘇偉軒', 'SO WAI HIN', 'M', 1),
(132, 'CDG090128', '施雋賢', 'SZE CHUN YIN', 'M', 1),
(133, 'CDG090129', '戴澤萬', 'TAI CHAK MAN', 'M', 1),
(134, 'CDG090130', '戴衡雁', 'TAI HANG NGAN', 'F', 1),
(135, 'CDG090131', '戴瑋麟', 'TAI WAI LUN', 'M', 1),
(136, 'CDG090132', '鄧?朗', 'TANG KAI LONG', 'M', 1),
(137, 'CDG090133', '鄧偉軒', 'TANG WAI HIN', 'M', 1),
(138, 'CDG090134', '丁智筠', 'TING CHI KWAN', 'F', 1),
(139, 'CDG090135', '丁嘉威', 'TING KA WAI', 'M', 1),
(140, 'CDG090136', '曾卓媛', 'TSANG CHEUK WUN CLARE', 'F', 1),
(141, 'CDG090137', '曾廣澤', 'TSANG KWONG CHAK', 'M', 1),
(142, 'CDG090138', '曾倩怡', 'TSANG SIN YI', 'F', 1),
(143, 'CDG090139', '曾紫瑩', 'TSANG TSZ YING', 'F', 1),
(144, 'CDG090140', '謝龔瑞', 'TSE KUNG SUI', 'M', 1),
(145, 'CDG090141', '謝君諾', 'TSE KWAN NOK', 'M', 1),
(146, 'CDG090142', '蔣浩權', 'TSEUNG HO KUEN', 'M', 1),
(147, 'CDG090143', '蔡灝敏', 'TSOI GILLIAN', 'F', 1),
(148, 'CDG090144', '蔡倩茹', 'TSOI SIN YU', 'F', 1),
(149, 'CDG090145', '蔡子盈', 'TSOI TSZ YING', 'F', 1),
(150, 'CDG090146', '徐慧妮', 'TSUI WAI NI', 'F', 1),
(151, 'CDG090147', '溫景豪', 'WAN KING HO', 'M', 1),
(152, 'CDG090148', '黃洛文', 'WONG LOK MAN NICHOLAS', 'M', 1),
(153, 'CDG090149', '黃采欣', 'WONG CHOI YAN', 'F', 1),
(154, 'CDG090150', '黃希彪', 'WONG HEI PIU', 'M', 1),
(155, 'CDG090151', '黃慶林', 'WONG HING LAM', 'M', 1),
(156, 'CDG090152', '黃凱晴', 'WONG HOI CHING', 'F', 1),
(157, 'CDG090153', '黃嘉浚', 'WONG KA TSUN', 'M', 1),
(158, 'CDG090154', '黃嘉欣', 'WONG KA YAN', 'F', 1),
(159, 'CDG090155', '王君怡', 'WONG KWAN YI', 'F', 1),
(160, 'CDG090156', '黃文傑', 'WONG MAN KIT', 'M', 1),
(161, 'CDG090157', '黃文雅', 'WONG MAN NGA', 'F', 1),
(162, 'CDG090158', '黃銘浚', 'WONG MING TSUN', 'M', 1),
(163, 'CDG090159', '黃雅儀', 'WONG NGA YEE', 'F', 1),
(164, 'CDG090160', '黃葆汶', 'WONG PO MAN', 'F', 1),
(165, 'CDG090161', '黃梓豪', 'WONG TSZ HO', 'M', 1),
(166, 'CDG090162', '黃芷恩', 'WONG TSZ YAN', 'F', 1),
(167, 'CDG090163', '黃穎婷', 'WONG WING TING', 'F', 1),
(168, 'CDG090164', '黃詠恩', 'WONG WING YAN', 'F', 1),
(169, 'CDG090165', '黃婉雯', 'WONG YUEN MAN', 'F', 1),
(170, 'CDG090166', '黃悅心', 'WONG YUET SUM', 'F', 1),
(171, 'CDG090167', '黃玥茵', 'WONG YUET YAN GRACE', 'F', 1),
(172, 'CDG090168', '胡芷晴', 'WOO TSZ CHING WINNIE', 'F', 1),
(173, 'CDG090169', '胡駿昊', 'WU CHUN HO', 'M', 1),
(174, 'CDG090170', '吳明愛', 'NG MING OI', 'F', 1),
(175, 'CDG090171', '邱志揚', 'YAU CHI YEUNG', 'M', 1),
(176, 'CDG090172', '楊治城', 'YEUNG CHI SHING', 'M', 1),
(177, 'CDG090173', '楊英立', 'YEUNG YING LAP', 'M', 1),
(178, 'CDG090174', '嚴雋景', 'YIM CHUN KING', 'M', 1),
(179, 'CDG090175', '嚴柏晴', 'YIM PAK CHING', 'M', 1),
(180, 'CDG090176', '葉蘊賢', 'YIP WAN YIN', 'M', 1),
(181, 'CDG090177', '余倩婷', 'YU SIN TING', 'F', 1),
(182, 'CDG090178', '阮明睿', 'YUEN MING YUI', 'F', 1),
(183, 'CDG090181', '蔡文斌', 'CHOI MAN PEN', 'M', 1),
(184, 'CDG090182', '黃升', 'WONG SAM', 'M', 1),
(185, 'CDG090183', '程子翹', 'CHING TSZ KIU', 'M', 1),
(186, 'CDG090184', '何瑋晴', 'HO WAI CHING SABRINA', 'F', 1),
(187, 'CDG090185', '黃永儀', 'WONG WING YEE', 'F', 1),
(188, 'CDG090186', '董珈易', 'TUNG KA YI', 'F', 1),
(189, 'CDG090187', '伍倩雅', 'NG SIN NGA', 'F', 1),
(190, 'CDG090188', '劉鎧祈', 'LAU HOI KI', 'F', 1),
(191, 'CDG090189', '孫伯儒', 'SUN PAK YU', 'M', 1),
(192, 'CDG090190', '蕭曉晴', 'SIU HIU CHING', 'F', 1),
(193, 'CDG090191', '劉美芳', 'LAU MEI FONG', 'F', 1),
(194, 'CDG090192', '譚曉欣', 'TAM HIU YAN', 'F', 1),
(195, 'CDG090193', '崔芳兒', 'TSUI FONG YI', 'F', 1),
(196, 'CDG100001', '陳芍堯', 'CHAN CHEUK YIU', 'F', 1),
(197, 'CDG100002', '陳俊錡', 'CHAN CHUN KEI', 'M', 1),
(198, 'CDG100003', '陳仲珩', 'CHAN CHUNG HANG', 'F', 1),
(199, 'CDG100004', '陳浩翔', 'CHAN HO CHEUNG', 'M', 1),
(200, 'CDG100005', '陳浩倫', 'CHAN HO LUN', 'M', 1),
(201, 'CDG100006', '陳家昌', 'CHAN KA CHEONG', 'M', 1),
(202, 'CDG100007', '陳珈霖', 'CHAN KA LAM', 'F', 1),
(203, 'CDG100008', '陳癸烜', 'CHAN KWAI HUEN', 'M', 1),
(204, 'CDG100009', '陳?璣', 'CHAN SHUE KEI', 'M', 1),
(205, 'CDG100010', '陳小淇', 'CHAN SIU KEE', 'F', 1),
(206, 'CDG100011', '陳同心', 'CHAN TONE SUM', 'F', 1),
(207, 'CDG100012', '陳芷呈', 'CHAN TSZ CHING', 'F', 1),
(208, 'CDG100013', '陳泳喬', 'CHAN WING KIU', 'F', 1),
(209, 'CDG100014', '陳彥彤', 'CHAN YIN TUNG JENNY', 'F', 1),
(210, 'CDG100016', '鄭駿康', 'CHENG CHUN HONG', 'M', 1),
(211, 'CDG100018', '鄭杰元', 'CHENG KIT YUEN', 'M', 1),
(212, 'CDG100019', '鄭鈞譽', 'CHENG KWAN YU', 'M', 1),
(213, 'CDG100020', '張朝諾', 'CHEUNG CHIU NOK', 'M', 1),
(214, 'CDG100021', '張皓寧', 'CHEUNG HO NING', 'F', 1),
(215, 'CDG100022', '張君龍', 'CHEUNG KWAN LUNG', 'M', 1),
(216, 'CDG100023', '張影琳', 'CHEUNG YING LAM ESTHER', 'F', 1),
(217, 'CDG100024', '程卓業', 'CHING CHEUK YIP', 'M', 1),
(218, 'CDG100025', '趙慶倫', 'CHIU HING LUN', 'M', 1),
(219, 'CDG100026', '曹文偉', 'CHO MAN WAI', 'M', 1),
(220, 'CDG100027', '蔡梓瑩', 'CHOI TSZ YING', 'F', 1),
(221, 'CDG100028', '蔡韻煦', 'CHOI WAN HUI', 'F', 1),
(222, 'CDG100029', '周卓凡', 'CHOW CHEUK FAN', 'M', 1),
(223, 'CDG100030', '朱芷鈴', 'CHU TSZ LING', 'F', 1),
(224, 'CDG100031', '鍾浩良', 'CHUNG HO LEUNG', 'M', 1),
(225, 'CDG100032', '鍾芷澄', 'CHUNG TSZ CHING', 'F', 1),
(226, 'CDG100033', '鍾漪雯', 'CHUNG YEE MEN', 'F', 1),
(227, 'CDG100034', '馮曉華', 'FUNG HIU WA', 'F', 1),
(228, 'CDG100035', '馮家民', 'FUNG KA MAN', 'M', 1),
(229, 'CDG100036', '夏梓榮', 'HA TSZ WING', 'M', 1),
(230, 'CDG100037', '何展程', 'HO CHIN CHING', 'F', 1),
(231, 'CDG100038', '何海瀅', 'HO HOI YING', 'F', 1),
(232, 'CDG100039', '何梓軒', 'HO TSZ HIN', 'M', 1),
(233, 'CDG100040', '何宛珊', 'HO UEN SHAN', 'F', 1),
(234, 'CDG100041', '何盈僖', 'HO YING HEI', 'F', 1),
(235, 'CDG100042', '何婉儀', 'HO YUEN YEE', 'F', 1),
(236, 'CDG100043', '許卓寧', 'HUI CHEUK NING', 'F', 1),
(237, 'CDG100044', '洪嘉敏', 'HUNG KA MAN', 'F', 1),
(238, 'CDG100045', '洪嘉欣', 'HUNG KA YAN', 'F', 1),
(239, 'CDG100046', '洪恩霖', 'HUNG YAN LAM', 'F', 1),
(240, 'CDG100047', '葉駿樺', 'IP CHUN WAH TONY', 'M', 1),
(241, 'CDG100048', '葉嘉儀', 'IP KA YEE', 'F', 1),
(242, 'CDG100049', '高凱婷', 'KO HOI TING', 'F', 1),
(243, 'CDG100051', '江志傑', 'KONG CHI KIT', 'M', 1),
(244, 'CDG100053', '孔家雯', 'KUNG KA MAN', 'F', 1),
(245, 'CDG100054', '關卓蔚', 'KWAN CHEUK WAI', 'F', 1),
(246, 'CDG100055', '關浩婷', 'KWAN HO TING', 'F', 1),
(247, 'CDG100056', '關嘉聰', 'KWAN KA CHUNG', 'M', 1),
(248, 'CDG100057', '關慧琳', 'KWAN WAI LAM', 'F', 1),
(249, 'CDG100058', '郭春卿', 'KWOK CHUN HING', 'F', 1),
(250, 'CDG100059', '郭穎棋', 'KWOK WING KI', 'F', 1),
(251, 'CDG100060', '黎晏佑', 'LAI AN YAU', 'M', 1),
(252, 'CDG100061', '黎諾怡', 'LAI LOK YEE', 'F', 1),
(253, 'CDG100062', '賴倩萍', 'LAI SIN PING', 'F', 1),
(254, 'CDG100063', '黎倩兒', 'LAI SIN YI', 'F', 1),
(255, 'CDG100064', '黎因喬', 'LAI YAN KIU', 'F', 1),
(256, 'CDG100065', '林灼熹', 'LAM CHEUK HEI', 'M', 1),
(257, 'CDG100066', '林俊霆', 'LAM CHUN TING', 'M', 1),
(258, 'CDG100067', '林洪燊', 'LAM HUNG SAN', 'M', 1),
(259, 'CDG100068', '林鍵瑋', 'LAM KIN WAI', 'M', 1),
(260, 'CDG100069', '林子盈', 'LAM TSZ YING', 'F', 1),
(261, 'CDG100070', '林子堯', 'LAM TSZ YIU', 'M', 1),
(262, 'CDG100071', '劉子鋒', 'LAU CHI FUNG', 'M', 1),
(263, 'CDG100072', '劉嘉儀', 'LAU KA YEE', 'F', 1),
(264, 'CDG100073', '劉佳棟', 'LAU KAI TUNG', 'M', 1),
(265, 'CDG100074', '劉錦輝', 'LAU KAM FAI', 'M', 1),
(266, 'CDG100076', '羅靜雯', 'LAW CHING MAN', 'F', 1),
(267, 'CDG100077', '羅靖儀', 'LAW CHING YEE', 'F', 1),
(268, 'CDG100078', '羅嘉盈', 'LAW KA YING', 'F', 1),
(269, 'CDG100079', '李諾峰', 'LEE NOK FUNG', 'M', 1),
(270, 'CDG100080', '李芷盈', 'LEE TSZ YING', 'F', 1),
(271, 'CDG100081', '李?冰', 'LEE WAN PING', 'F', 1),
(272, 'CDG100082', '李永鍵', 'LEE WING KIN', 'M', 1),
(273, 'CDG100083', '李郁慧', 'LEE YUK WAI', 'F', 1),
(274, 'CDG100084', '梁晉源', 'LEUNG CHUN YUEN', 'M', 1),
(275, 'CDG100085', '梁頌恒', 'LEUNG CHUNG HANG', 'M', 1),
(276, 'CDG100086', '梁可怡', 'LEUNG HO YI', 'F', 1),
(277, 'CDG100087', '梁嘉琦', 'LEUNG KA KEI', 'F', 1),
(278, 'CDG100088', '梁家恩', 'LEUNG KA YAN', 'F', 1),
(279, 'CDG100089', '梁嘉儀', 'LEUNG KA YEE', 'F', 1),
(280, 'CDG100090', '梁詠怡', 'LEUNG WING YI', 'F', 1),
(281, 'CDG100091', '梁穎兒', 'LEUNG WING YI', 'F', 1),
(282, 'CDG100092', '李振健', 'LI CHUN KIN', 'M', 1),
(283, 'CDG100093', '李浩倫', 'LI HO LUN', 'M', 1),
(284, 'CDG100094', '李家萱', 'LI KA HUEN', 'F', 1),
(285, 'CDG100095', '李嘉倩', 'LI KA SIN', 'F', 1),
(286, 'CDG100096', '李樂曦', 'LI LOK HEI', 'M', 1),
(287, 'CDG100097', '李諾進', 'LI NOK CHUN', 'M', 1),
(288, 'CDG100098', '李穎雯', 'LI WING MAN', 'F', 1),
(289, 'CDG100099', '連希琳', 'LIN HEI LAM', 'F', 1),
(290, 'CDG100100', '劉國鈞', 'LIU KWOK KWAN', 'M', 1),
(291, 'CDG100101', '劉子恆', 'LIU ZI HENG GEOFFREY', 'M', 1),
(292, 'CDG100102', '羅麗芳', 'LO LAI FONG', 'F', 1),
(293, 'CDG100103', '盧珮瑜', 'LO PUI YU', 'F', 1),
(294, 'CDG100104', '盧尚哲', 'LO SHEUNG CHIT', 'M', 1),
(295, 'CDG100105', '羅耀男', 'LO YIU NAM', 'M', 1),
(296, 'CDG100106', '雷浩賢', 'LUI HO YIN', 'M', 1),
(297, 'CDG100107', '馬婉洺', 'MA YUEN MING KAREN', 'F', 1),
(298, 'CDG100108', '麥卓恆', 'MAK CHEUK HANG', 'M', 1),
(299, 'CDG100109', '麥仲盛', 'MAK CHUNG SHING', 'M', 1),
(300, 'CDG100110', '麥綽瑤', 'MAK LOIS', 'F', 1),
(301, 'CDG100111', '吳志尊', 'NG CHI CHUEN', 'M', 1),
(302, 'CDG100112', '吳凱欣', 'NG HOI YAN', 'F', 1),
(303, 'CDG100113', '吳家濠', 'NG KA HO', 'M', 1),
(304, 'CDG100114', '吳嘉蔚', 'NG KA WAI', 'M', 1),
(305, 'CDG100115', '吳燊林', 'NG SAN LAM', 'M', 1),
(306, 'CDG100116', '吳倩婷', 'NG SIN TING', 'F', 1),
(307, 'CDG100117', '吳?欣', 'NG WING YAN', 'F', 1),
(308, 'CDG100118', '顏珊珊', 'NGAN SHAN SHAN', 'F', 1),
(309, 'CDG100119', '顏鈺之', 'NGAN YUK CHI', 'F', 1),
(310, 'CDG100120', '王喬東', 'ONG KIU TUNG', 'M', 1),
(311, 'CDG100121', '潘雪', 'PUN SUET', 'F', 1),
(312, 'CDG100122', '岑錦婷', 'SHAM KAM TING', 'F', 1),
(313, 'CDG100123', '蘇卓婷', 'SO CHEUK TING', 'F', 1),
(314, 'CDG100124', '蘇子謙', 'SO TSZ HIM', 'M', 1),
(315, 'CDG100125', '申俊怡', 'SUN CHUN YI', 'M', 1),
(316, 'CDG100126', '譚穎敏', 'TAM WING MAN', 'F', 1),
(317, 'CDG100127', '曾鎮雄', 'TSANG CHUN HUNG', 'M', 1),
(318, 'CDG100128', '曾憲全', 'TSANG HIN CHUEN', 'M', 1),
(319, 'CDG100129', '曾憲杰', 'TSANG HIN KIT', 'M', 1),
(320, 'CDG100130', '曾嘉文', 'TSANG KA MAN', 'F', 1),
(321, 'CDG100131', '曾啟曜', 'TSANG KAI YIU', 'M', 1),
(322, 'CDG100132', '曾心盈', 'TSANG SUM YING', 'F', 1),
(323, 'CDG100133', '曾子慧', 'TSANG TSZ WAI', 'F', 1),
(324, 'CDG100134', '謝進浩', 'TSE CHUN HO', 'M', 1),
(325, 'CDG100135', '謝德熙', 'TSE TAK HEI', 'M', 1),
(326, 'CDG100136', '謝婉貞', 'TSE YUEN CHING', 'F', 1),
(327, 'CDG100137', '蔡承均', 'TSOY SHING KWAN', 'M', 1),
(328, 'CDG100138', '溫曉琳', 'WAN HIU LAM', 'F', 1),
(329, 'CDG100139', '溫曉欣', 'WAN HIU YAN', 'F', 1),
(330, 'CDG100141', '王依華', 'WANG YEE WAH ANNA', 'F', 1),
(331, 'CDG100142', '黃澤美', 'WONG CHAK MEI', 'F', 1),
(332, 'CDG100143', '王佳恩', 'WONG KAI YAN MATHEW', 'M', 1),
(333, 'CDG100144', '王琦琦', 'WONG KEI KEI', 'F', 1),
(334, 'CDG100145', '黃樂珩', 'WONG LOK HANG', 'M', 1),
(335, 'CDG100146', '王洝霖', 'WONG ON LAM', 'F', 1),
(336, 'CDG100147', '黃珮澄', 'WONG PUI CHING', 'F', 1),
(337, 'CDG100148', '黃霈瀅', 'WONG PUI YING', 'F', 1),
(338, 'CDG100149', '黃騰威', 'WONG TANG WAI', 'M', 1),
(339, 'CDG100150', '王溢生', 'WONG YAT SANG', 'M', 1),
(340, 'CDG100151', '王喻柔', 'WONG YU YAU', 'F', 1),
(341, 'CDG100152', '黃玉如', 'WONG YUK YU', 'F', 1),
(342, 'CDG100153', '胡晉韋', 'WU CHUN WAI', 'M', 1),
(343, 'CDG100154', '吳明佩', 'WU MING PEI', 'F', 1),
(344, 'CDG100155', '楊碧瑩', 'YEUNG PIK YING', 'F', 1),
(345, 'CDG100156', '楊梓晴', 'YEUNG TSZ CHING', 'F', 1),
(346, 'CDG100157', '葉偲偲', 'YIP SEE SEE', 'F', 1),
(347, 'CDG100158', '姚斯華', 'YIU SZE WA', 'F', 1),
(348, 'CDG100159', '余家豪', 'YU KA HO', 'M', 1),
(349, 'CDG100160', '余思靜', 'YU SZE CHING', 'F', 1),
(350, 'CDG100161', '余穎龍', 'YUE WING LUNG', 'M', 1),
(351, 'CDG100162', '袁綽盈', 'YUEN CHEUK YING', 'F', 1),
(352, 'CDG100164', '阮文傑', 'YUEN MAN KIT', 'M', 1),
(353, 'CDG100165', '袁?詩', 'YUEN WING SZE', 'F', 1),
(354, 'CDG100166', '翁漢樑', 'YUNG HON LEUNG', 'M', 1),
(355, 'CDG100167', '馬紲爾', 'ZACCAI MA', 'F', 1),
(356, 'CDG100168', '關文竣', 'KWAN MAN CHUN', 'M', 1),
(357, 'CDG100169', '陳浣蓉', 'CHAN YUEN YUNG', 'F', 1),
(358, 'CDG100170', '李綽穎', 'LEE CHEUK WING', 'F', 1),
(359, 'CDG100171', '譚鴻欣', 'TAM HUNG YAN', 'F', 1),
(360, 'CDG100172', '葉梓君', 'IP CHI KWAN', 'F', 1),
(361, 'CDG100173', '梁顥津', 'LEUNG HO CHUN', 'F', 1),
(362, 'CDG100174', '鄭煒?', 'CHENG WAI LUN', 'M', 1),
(363, 'CDG100175', '陳建瑜', 'CHAN KIN YU', 'M', 1),
(364, 'CDG100176', '甘慧芝', 'KAM WAI CHI', 'F', 1),
(365, 'CDG100177', '曾俊軒', 'TSANG CHUN HIN', 'M', 1),
(366, 'CDG100178', '張詠茹', 'CHEUNG WING YU', 'F', 1),
(367, 'CDG100179', '鍾顯柏', 'CHUNG HIN PAK', 'M', 1),
(368, 'CDG100180', '翁振傑', 'YUNG CHUN KIT', 'M', 1),
(369, 'CDG110001', '歐陽晶', 'AU YEUNG CHING', 'F', 1),
(370, 'CDG110002', '陳俊諺', 'CHAN CHUN YIN', 'M', 1),
(371, 'CDG110003', '陳逢羽', 'CHAN FUNG YU', 'F', 1),
(372, 'CDG110004', '陳翰波', 'CHAN HON PO', 'M', 1),
(373, 'CDG110005', '陳潔倩', 'CHAN KIT SIN', 'F', 1),
(374, 'CDG110007', '陳雙益', 'CHAN SHEUNG YIK', 'F', 1),
(375, 'CDG110008', '陳鍶埼', 'CHAN SI KI', 'F', 1),
(376, 'CDG110009', '陳紹岐', 'CHAN SIU KI', 'M', 1),
(377, 'CDG110010', '陳紫珊', 'CHAN TSZ SHAN', 'F', 1),
(378, 'CDG110011', '陳子儒', 'CHAN TSZ YU', 'M', 1),
(379, 'CDG110012', '陳瑋瑤', 'CHAN WAI YIU EMILY', 'F', 1),
(380, 'CDG110013', '陳允諾', 'CHAN WAN NOK', 'M', 1),
(381, 'CDG110014', '陳永嫺', 'CHAN WING HAN', 'F', 1),
(382, 'CDG110015', '陳意行', 'CHAN YI HANG', 'M', 1),
(383, 'CDG110016', '陳緣', 'CHAN YUEN', 'F', 1),
(384, 'CDG110017', '鄒伯齊', 'CHAU PAK CHAI', 'M', 1),
(385, 'CDG110018', '張智皓', 'CHEUNG CHI HO', 'M', 1),
(386, 'CDG110019', '張潮豐', 'CHEUNG CHIU FUNG', 'M', 1),
(387, 'CDG110020', '鄭曉慧', 'CHEUNG HIU WAI', 'F', 1),
(388, 'CDG110021', '張皓瑋', 'CHEUNG HO WAI', 'M', 1),
(389, 'CDG110022', '張陵', 'CHEUNG LING', 'M', 1),
(390, 'CDG110023', '張毅穎', 'CHEUNG NGAI WING', 'F', 1),
(391, 'CDG110024', '張穎心', 'CHEUNG WING SUM', 'F', 1),
(392, 'CDG110025', '錢奕嘉', 'CHIN YIK KA', 'F', 1),
(393, 'CDG110026', '趙宗傑', 'CHIU CHUNG KIT', 'M', 1),
(394, 'CDG110027', '趙文諾', 'CHIU MAN LOK', 'M', 1),
(395, 'CDG110028', '趙施穎', 'CHIU SZE WING', 'F', 1),
(396, 'CDG110029', '蔡曉晴', 'CHOI HIU CHING', 'F', 1),
(397, 'CDG110030', '蔡其生', 'CHOI KI SANG', 'M', 1),
(398, 'CDG110031', '蔡?希', 'CHOI PAK HEI', 'M', 1),
(399, 'CDG110032', '蔡佩?', 'CHOI PUI MAN', 'F', 1),
(400, 'CDG110033', '蔡苡斯', 'CHOI YI SZE', 'M', 1),
(401, 'CDG110034', '蔡源培', 'CHOI YUEN PUI', 'M', 1),
(402, 'CDG110035', '周?軒', 'CHOW PAK HIN', 'M', 1),
(403, 'CDG110036', '周庭匡', 'CHOW TING HONG', 'M', 1),
(404, 'CDG110037', '崔俊煒', 'CHUI CHUN WAI', 'M', 1),
(405, 'CDG110038', '祝卓儀', 'CHUK CHEUK YEE', 'F', 1),
(406, 'CDG110039', '鍾?芝', 'CHUNG WING CHI', 'F', 1),
(407, 'CDG110040', '鍾詠妍', 'CHUNG WING IN', 'F', 1),
(408, 'CDG110041', '戴琬瑜', 'DAI YUEN YU', 'F', 1),
(409, 'CDG110042', '方璧沂', 'FONG PIK YI', 'F', 1),
(410, 'CDG110043', '馮海欣', 'FUNG HOI YAN JANICE', 'F', 1),
(411, 'CDG110044', '馮樂民', 'FUNG LOK MAN', 'M', 1),
(412, 'CDG110045', '馮浚浩', 'FUNG TSUN HO', 'M', 1),
(413, 'CDG110046', '馮紫珊', 'FUNG TSZ SHAN', 'F', 1),
(414, 'CDG110047', '何綽喬', 'HO CHEUK KIU', 'F', 1),
(415, 'CDG110048', '何曉峰', 'HO HIU FUNG', 'M', 1),
(416, 'CDG110049', '何冠貽', 'HO JENNIFER KOON YEE', 'F', 1),
(417, 'CDG110050', '何家藝', 'HO KA NGAI', 'M', 1),
(418, 'CDG110051', '何冠茵', 'HO MICHELLE KOON YAN', 'F', 1),
(419, 'CDG110052', '許嘉源', 'HSU KA YUEN', 'M', 1),
(420, 'CDG110053', '黃溢峰', 'HUANG YAT FUNG', 'M', 1),
(421, 'CDG110054', '許靖彤', 'HUI CHING TUNG', 'F', 1),
(422, 'CDG110055', '許婉雯', 'HUI UN MAN', 'F', 1),
(423, 'CDG110056', '許泓欣', 'HUI WANG YAN', 'F', 1),
(424, 'CDG110057', '許詠美', 'HUI WING MEI', 'F', 1),
(425, 'CDG110058', '洪裕', 'HUNG YUE', 'F', 1),
(426, 'CDG110059', '高景燊', 'KO KING SAN', 'M', 1),
(427, 'CDG110060', '江浩盈', 'KONG HO YING WINNIE', 'F', 1),
(428, 'CDG110061', '黎浩然', 'LAI HO YIN', 'M', 1),
(429, 'CDG110062', '黎嘉悅', 'LAI KA YUET', 'F', 1),
(430, 'CDG110063', '林冠金', 'LAM KWUN KAM', 'M', 1),
(431, 'CDG110064', '林冠鈺', 'LAM KWUN YUK', 'M', 1),
(432, 'CDG110065', '林雯薏', 'LAM MAN YI', 'F', 1),
(433, 'CDG110066', '林培洪', 'LAM PUI HUNG', 'M', 1),
(434, 'CDG110067', '林子進', 'LAM TSZ TSUN', 'M', 1),
(435, 'CDG110068', '林偉傑', 'LAM WAI KIT', 'M', 1),
(436, 'CDG110069', '林潁瑜', 'LAM WING YU', 'F', 1),
(437, 'CDG110070', '林欣儀', 'LAM YAN YEE', 'F', 1),
(438, 'CDG110071', '劉曉容', 'LAU HIU YUNG', 'F', 1),
(439, 'CDG110072', '劉海晴', 'LAU HOI CHING', 'F', 1),
(440, 'CDG110073', '劉娜靜', 'LAU NA CHING', 'F', 1),
(441, 'CDG110074', '劉少傑', 'LAU SIU KIT', 'M', 1),
(442, 'CDG110075', '劉綺茼', 'LAU YEE TUNG', 'F', 1),
(443, 'CDG110076', '劉睿軒', 'LAU YUI HIN', 'M', 1),
(444, 'CDG110077', '羅諾琳', 'LAW NOK LAM', 'F', 1),
(445, 'CDG110078', '李而偉', 'LEE ERIC AMARTA', 'M', 1),
(446, 'CDG110079', '李曼琦', 'LEE MAN KEI', 'F', 1),
(447, 'CDG110080', '梁俊揮', 'LEUNG CHUN FAI', 'M', 1),
(448, 'CDG110081', '梁景聰', 'LEUNG KING CHUNG', 'M', 1),
(449, 'CDG110082', '梁美茵', 'LEUNG MEI YAN', 'F', 1),
(450, 'CDG110083', '梁博然', 'LEUNG POK YIN', 'M', 1),
(451, 'CDG110084', '梁書瑋', 'LEUNG SHU WAI', 'M', 1),
(452, 'CDG110085', '梁玉欣', 'LEUNG YUK YAN', 'F', 1),
(453, 'CDG110086', '李加亮', 'LI KA LEONG', 'M', 1),
(454, 'CDG110087', '李炯聰', 'LI KWING CHUNG', 'M', 1),
(455, 'CDG110088', '李麗婷', 'LI LAI TING', 'F', 1),
(456, 'CDG110089', '李天浩', 'LI TIN HO', 'M', 1),
(457, 'CDG110090', '李逸坤', 'LI YI KUN', 'M', 1),
(458, 'CDG110092', '陸穎芝', 'LUK WING CHI', 'F', 1),
(459, 'CDG110093', '馬學偉', 'MA HOK WAI', 'M', 1),
(460, 'CDG110094', '馬皓楹', 'MA JOYCE HO YING', 'F', 1),
(461, 'CDG110095', '馬翹楚', 'MA KIU CHO', 'F', 1),
(462, 'CDG110096', '麥智朗', 'MAK CHI LONG', 'M', 1),
(463, 'CDG110097', '麥文因', 'MAK MAN YAN MANDY', 'F', 1),
(464, 'CDG110098', '麥欣婷', 'MAK YAN TING', 'F', 1),
(465, 'CDG110099', '莫婉薇', 'MOK YUEN MEI WINNIE', 'F', 1),
(466, 'CDG110100', '吳卓翹', 'NG CHEUK KIU', 'M', 1),
(467, 'CDG110101', '吳浩楠', 'NG HO NAM', 'M', 1),
(468, 'CDG110102', '伍洁雯', 'NG KIT MAN', 'F', 1),
(469, 'CDG110103', '伍雪倩', 'NG SUET SIN', 'F', 1),
(470, 'CDG110104', '伍穎賢', 'NG WING YIN', 'F', 1),
(471, 'CDG110105', '吳映濃', 'NG YING NUNG CHRISTY', 'F', 1),
(472, 'CDG110106', '彭俊叡', 'PANG CHUN YUI', 'M', 1),
(473, 'CDG110107', '彭子峰', 'PANG TSZ FUNG', 'M', 1),
(474, 'CDG110108', '潘智烽', 'POON CHI FUNG', 'M', 1),
(475, 'CDG110109', '潘耀華', 'POON YIU WAH', 'M', 1),
(476, 'CDG110110', '石焯豪', 'SHEK CHEUK HO', 'M', 1),
(477, 'CDG110111', '邵芷彤', 'SHIU TSZ TUNG', 'F', 1),
(478, 'CDG110112', '岑嘉朗', 'SHUM KA LONG', 'M', 1),
(479, 'CDG110113', '施孝澄', 'SI HAU CHENG', 'M', 1),
(480, 'CDG110114', '薛茵童', 'SIT YAN TUNG', 'F', 1),
(481, 'CDG110115', '蘇小謙', 'SO SIU HIM', 'M', 1),
(482, 'CDG110116', '施曉童', 'SZE HIU TUNG', 'F', 1),
(483, 'CDG110117', '施境渝', 'SZE KING YU', 'F', 1),
(484, 'CDG110118', '施雅萍', 'SZE NGA PING', 'F', 1),
(485, 'CDG110119', '唐俊軒', 'TONG CHUN HIN', 'M', 1),
(486, 'CDG110120', '唐穎心', 'TONG WING SUM', 'F', 1),
(487, 'CDG110121', '蔡浩林', 'TSOI HO LAM', 'M', 1),
(488, 'CDG110122', '尹壹樂', 'WAN YAT LOK', 'M', 1),
(489, 'CDG110123', '黃適哲', 'WONG SIK CHIT', 'M', 1),
(490, 'CDG110124', '黃心怡', 'WONG SUM YI', 'F', 1),
(491, 'CDG110125', '黃達智', 'WONG TAT CHI', 'M', 1),
(492, 'CDG110126', '黃日', 'WONG YAT', 'F', 1),
(493, 'CDG110127', '楊正樂', 'YEUNG CHING LOK', 'M', 1),
(494, 'CDG110128', '葉倩華', 'YIP SIN WA', 'F', 1),
(495, 'CDG110129', '葉慧心', 'YIP WAI SUM', 'F', 1),
(496, 'CDG110130', '葉詠琳', 'YIP WING LAM', 'F', 1),
(497, 'CDG110131', '葉穎怡', 'YIP WING YI', 'F', 1),
(498, 'CDG110132', '余卓穎', 'YU CHEUK WING', 'F', 1),
(499, 'CDG110133', '余淑嫻', 'YU SHUK HAN', 'F', 1),
(500, 'CDG110134', '余詠詩', 'YU WING SZE', 'F', 1),
(501, 'CDG110135', '余俊謙', 'YU CHUN HIM', 'M', 1),
(502, 'CDG110136', '翁子盈', 'YUNG TSZ YING', 'F', 1),
(503, 'CDG110137', '鍾綽恩', 'CHUNG CHEUK YAN', 'F', 1),
(504, 'CDG110138', '李梓淇', 'LI TSZ KI', 'F', 1),
(505, 'CDG110139', '溫婕', 'WAN JADE', 'F', 1),
(506, 'CDG110140', '林家弛', 'LAM KA CHI', 'M', 1),
(507, 'CDG120001', '曹燁', 'CAO YE', 'F', 1),
(508, 'CDG120002', '翟鎮源', 'CHAK CHUN YUEN', 'M', 1),
(509, 'CDG120003', '陳嘉怡', 'CHAN KA YI', 'F', 1),
(510, 'CDG120004', '陳建朗', 'CHAN KIN LONG MARCO', 'M', 1),
(511, 'CDG120005', '陳銘欣', 'CHAN MING YAN', 'F', 1),
(512, 'CDG120006', '陳柏穎', 'CHAN PAK WING', 'F', 1),
(513, 'CDG120007', '陳妤童', 'CHAN UE TUNG', 'F', 1),
(514, 'CDG120008', '陳穎瑤', 'CHAN WING YIU LOIS', 'F', 1),
(515, 'CDG120009', '陳綺雯', 'CHAN YEE MAN', 'F', 1),
(516, 'CDG120010', '陳怡婷', 'CHAN YI TING', 'F', 1),
(517, 'CDG120011', '陳映潼', 'CHAN YING TUNG', 'F', 1),
(518, 'CDG120012', '陳煜新', 'CHAN YUK SAN', 'M', 1),
(519, 'CDG120013', '周尹聰', 'CHAU WAN CHUNG', 'M', 1),
(520, 'CDG120014', '周逸維', 'CHAU YAT WAI', 'M', 1),
(521, 'CDG120015', '鄭明輝', 'CHENG MING FAI', 'M', 1),
(522, 'CDG120016', '鄭王?', 'CHENG WONG KWAN', 'M', 1),
(523, 'CDG120017', '鄭恩渝', 'CHENG YAN YU', 'F', 1),
(524, 'CDG120018', '張曉晴', 'CHEUNG HIU CHING', 'F', 1),
(525, 'CDG120019', '張識', 'CHEUNG SIK', 'F', 1),
(526, 'CDG120020', '錢詠濠', 'CHIN WING HO', 'F', 1),
(527, 'CDG120021', '趙憶駿', 'CHIU YIK CHUN', 'M', 1),
(528, 'CDG120022', '蔡尚言', 'CHOI SHEUNG YIN', 'M', 1),
(529, 'CDG120023', '蔡詩琳', 'CHOI SZE LAM', 'F', 1),
(530, 'CDG120024', '徐澤琳', 'CHUI CHAK LAM', 'F', 1),
(531, 'CDG120025', '徐煒力', 'CHUI WAI LIK', 'M', 1),
(532, 'CDG120026', '鍾逸平', 'CHUNG YAT PING', 'F', 1),
(533, 'CDG120027', '鄧煥儀', 'DENG HUANYI', 'F', 1),
(534, 'CDG120028', '霍綺玲', 'FOK YEE LING ELAINE', 'F', 1),
(535, 'CDG120029', '方炳娜', 'FONG PING NA', 'F', 1),
(536, 'CDG120030', '方芷樂', 'FONG TSZ LOK', 'F', 1),
(537, 'CDG120031', '符明雄', 'FU MING HUNG', 'M', 1),
(538, 'CDG120032', '馮振星', 'FUNG CHUN SING', 'M', 1),
(539, 'CDG120033', '馮鈞澤', 'FUNG KWAN CHAK', 'M', 1),
(540, 'CDG120034', '馮雪敏', 'FUNG SUET MAN', 'F', 1),
(541, 'CDG120035', '夏慇彤', 'HA YAN TUNG', 'F', 1),
(542, 'CDG120036', '何汶僖', 'HO MAN HEI', 'F', 1),
(543, 'CDG120037', '黃斯嫻', 'HUANG SIXIAN', 'F', 1),
(544, 'CDG120038', '葉嘉薇', 'IP KA MEI', 'F', 1),
(545, 'CDG120039', '葉芷瑜', 'IP TSZ YU', 'F', 1),
(546, 'CDG120040', '郝正', 'KOK CHING', 'M', 1),
(547, 'CDG120041', '官樂瑤', 'KOON LOK YIU', 'F', 1),
(548, 'CDG120042', '龔靖楠', 'KUNG CHING NAM', 'M', 1),
(549, 'CDG120043', '關淑婷', 'KWAN SHUK TING', 'F', 1),
(550, 'CDG120044', '郭曉青', 'KWOK HIU CHING', 'M', 1),
(551, 'CDG120045', '郭詠欣', 'KWOK WING YAN', 'F', 1),
(552, 'CDG120046', '郭永盈', 'KWOK WING YING', 'F', 1),
(553, 'CDG120047', '賴倩欣', 'LAI SIN YAN', 'F', 1),
(554, 'CDG120048', '林焌翹', 'LAM CHUN KIU', 'M', 1),
(555, 'CDG120049', '林俊燊', 'LAM CHUN SAN', 'M', 1),
(556, 'CDG120050', '林凱琪', 'LAM HOI KI', 'F', 1),
(557, 'CDG120051', '林鴻傑', 'LAM HUNG KIT', 'M', 1),
(558, 'CDG120052', '林佩欣', 'LAM PUI YAN', 'F', 1),
(559, 'CDG120053', '林汝謙', 'LAM YU HIM', 'M', 1),
(560, 'CDG120054', '劉鳳儀', 'LAU FUNG YEE', 'F', 1),
(561, 'CDG120055', '劉競中', 'LAU KING CHUNG', 'M', 1),
(562, 'CDG120056', '劉慧詩', 'LAU WAI SZE', 'F', 1),
(563, 'CDG120057', '劉翼輝', 'LAU YIK FAI', 'M', 1),
(564, 'CDG120058', '羅詠恩', 'LAW WING YAN', 'F', 1),
(565, 'CDG120059', '羅悅晴', 'LAW YUET CHING KRISTEN', 'F', 1),
(566, 'CDG120060', '李紅潔', 'LEE HUNG KIT', 'F', 1),
(567, 'CDG120061', '李雯雯', 'LEE MAN MAN', 'F', 1),
(568, 'CDG120062', '李文詠', 'LEE MAN WING', 'F', 1),
(569, 'CDG120063', '李雪穎', 'LEE SUET WING SOPHIA', 'F', 1),
(570, 'CDG120064', '李家康', 'LEI KA HONG', 'M', 1),
(571, 'CDG120065', '連俊軒', 'LEIN CHUN HIN', 'M', 1),
(572, 'CDG120066', '梁皓齊', 'LEUNG HO CHAI', 'M', 1),
(573, 'CDG120067', '梁博謙', 'LEUNG POK HIM', 'M', 1),
(574, 'CDG120068', '梁倩怡', 'LEUNG SHIN YEE', 'F', 1),
(575, 'CDG120069', '梁倩盈', 'LEUNG SIN YING', 'F', 1),
(576, 'CDG120070', '李浩龍', 'LI HO LUNG', 'M', 1),
(577, 'CDG120071', '李若盈', 'LI YEUK YING', 'F', 1),
(578, 'CDG120072', '林俊安', 'LIN JUN AN', 'M', 1),
(579, 'CDG120073', '盧曉曈', 'LO HIU TUNG', 'F', 1),
(580, 'CDG120074', '羅增朗', 'LO TSANG LONG', 'M', 1),
(581, 'CDG120075', '馬文靜', 'MA MAN CHING', 'F', 1),
(582, 'CDG120076', '麥曉威', 'MAK HIU WAI', 'M', 1),
(583, 'CDG120077', '麥淦量', 'MAK KAM LEONG', 'M', 1),
(584, 'CDG120078', '莫曼宜', 'MO MAN YI', 'F', 1),
(585, 'CDG120079', '莫君賢', 'MOK KWAN YIN', 'M', 1),
(586, 'CDG120080', '梅可欣', 'MUI HO YAN', 'F', 1),
(587, 'CDG120081', '吳卓豐', 'NG CHEUK FUNG', 'M', 1),
(588, 'CDG120082', '伍宗烜', 'NG CHUNG HUEN', 'M', 1),
(589, 'CDG120083', '吳瀚林', 'NG HON LAM', 'M', 1),
(590, 'CDG120084', '吳雪兒', 'NG SUET YI', 'F', 1),
(591, 'CDG120085', '吳泳潼', 'NG WING TUNG', 'F', 1),
(592, 'CDG120086', '潘子軒', 'POON TSZ HIN', 'M', 1),
(593, 'CDG120087', '潘溢成', 'POON YAT SHING', 'M', 1),
(594, 'CDG120088', '冼文迪', 'SIN MAN TIK', 'M', 1),
(595, 'CDG120089', '蕭振灝', 'SIU CHUN HO', 'M', 1),
(596, 'CDG120090', '蕭紫鏸', 'SIU TSZ WAI', 'F', 1),
(597, 'CDG120091', '蕭琬澄', 'SIU YUEN CHING', 'F', 1),
(598, 'CDG120092', '蘇?', 'SO WING', 'F', 1),
(599, 'CDG120093', '宋凱淋', 'SUNG HOI LIN', 'F', 1),
(600, 'CDG120094', '鄧懿琳', 'TANG YI LAM', 'F', 1),
(601, 'CDG120095', '杜焯烽', 'TAO CHEUK FUNG', 'M', 1),
(602, 'CDG120096', '杜葦霖', 'TO WAI LAM', 'M', 1),
(603, 'CDG120097', '杜曜榮', 'TO YIU WING', 'M', 1),
(604, 'CDG120098', '唐卓琳', 'TONG CHEUK LAM', 'F', 1),
(605, 'CDG120099', '唐梓峰', 'TONG CHI FUNG ARTHUR', 'M', 1),
(606, 'CDG120100', '唐詠怡', 'TONG WING YI', 'F', 1),
(607, 'CDG120101', '謝健龍', 'TSE KIN LUNG', 'M', 1),
(608, 'CDG120102', '蔡倩薇', 'TSOI SIN MEI', 'F', 1),
(609, 'CDG120103', '蔡子琦', 'TSOI TSZ KEI', 'F', 1),
(610, 'CDG120104', '徐愷琳', 'TSUI HOI LAM', 'F', 1),
(611, 'CDG120105', '溫文浠', 'WAN MAN HEI OSCAR', 'M', 1),
(612, 'CDG120106', '屈家禧', 'WAT KA HEI', 'F', 1),
(613, 'CDG120107', '黃靖怡', 'WONG CHING YI', 'F', 1),
(614, 'CDG120108', '黃俊軒', 'WONG CHUN HIN', 'M', 1),
(615, 'CDG120109', '黃鐘怡', 'WONG CHUNG YI', 'F', 1),
(616, 'CDG120110', '王馨怡', 'WONG HING YI', 'F', 1),
(617, 'CDG120111', '黃浩祥', 'WONG HO CHEUNG', 'M', 1),
(618, 'CDG120112', '黃文君', 'WONG MAN KWAN', 'F', 1),
(619, 'CDG120113', '王雅蓉', 'WONG NGA YUNG', 'F', 1),
(620, 'CDG120114', '黃毅麟', 'WONG NGAI LUN', 'M', 1),
(621, 'CDG120115', '黃珮珩', 'WONG PUI HANG', 'F', 1),
(622, 'CDG120116', '黃思淇', 'WONG SZE KI', 'F', 1),
(623, 'CDG120117', '黃思雅', 'WONG SZE NGA', 'F', 1),
(624, 'CDG120118', '黃慧思', 'WONG WAI SZE', 'F', 1),
(625, 'CDG120119', '王依琦', 'WONG YEE KEI', 'F', 1),
(626, 'CDG120120', '黃汝田', 'WONG YU TIN', 'M', 1),
(627, 'CDG120121', '黃玉鋒', 'WONG YUK FUNG', 'F', 1),
(628, 'CDG120122', '吳彗寧', 'WU HUI NING', 'F', 1),
(629, 'CDG120123', '楊頌曦', 'YEUNG CHUNG HEI', 'M', 1),
(630, 'CDG120124', '楊浚彥', 'YEUNG TSUN YIN', 'M', 1),
(631, 'CDG120125', '楊以祈', 'YEUNG YEE KI', 'M', 1),
(632, 'CDG120126', '嚴卓怡', 'YIM CHEUK YI', 'F', 1),
(633, 'CDG120127', '嚴樂斯', 'YIM LOK SZE', 'F', 1),
(634, 'CDG120128', '姚澤霖', 'YIU CHAK LAM', 'M', 1),
(635, 'CDG120129', '姚信行', 'YIU SHUN HANG', 'M', 1),
(636, 'CDG120130', '姚詠婷', 'YIU WING TING', 'F', 1),
(637, 'CDG120131', '余永麒', 'YU WING KI ANDY', 'M', 1),
(638, 'CDG120132', '袁雪盈', 'YUEN SUET YING', 'F', 1),
(639, 'CDG120133', '翁偉添', 'YUNG WAI TIM', 'M', 1),
(640, 'CDG120134', '葉津綱', 'YIP CHUN KONG', 'M', 1),
(641, 'CDG120135', '黃卓熙', 'WONG CHEUK HEI', 'M', 1),
(642, 'CDG120136', '陳思敏', 'CHAN SZE MAN', 'F', 1),
(643, 'CDG120137', '陳俊諺', 'CHAN CHUN YIN', 'M', 1),
(644, 'CDG120138', '郭銘熙', 'KWOK MING HEI', 'M', 1),
(645, 'CDG120139', '余鎧聰', 'YU HOI CHUNG', 'M', 1),
(646, 'CDG120140', '池俊衡', 'CHEE JUN HENG', 'M', 1),
(647, 'CDG120141', '梁梓杰', 'LEUNG TSZ KIT', 'M', 1),
(648, 'CDG130001', '安耀生', 'AN YIU SANG', 'M', 1),
(649, 'CDG130002', '陳禧然', 'CHAN HEI YIN', 'M', 1),
(650, 'CDG130003', '陳曉樺', 'CHAN HIU WA', 'F', 1),
(651, 'CDG130004', '陳可蕙', 'CHAN HO WAI', 'F', 1),
(652, 'CDG130005', '陳浩泓', 'CHAN HO WANG', 'M', 1),
(653, 'CDG130006', '陳凱晴', 'CHAN HOI CHING', 'F', 1),
(654, 'CDG130007', '陳嘉淳', 'CHAN KA SHUN', 'M', 1),
(655, 'CDG130008', '陳嘉惠', 'CHAN KA WAI', 'F', 1),
(656, 'CDG130009', '陳雅?', 'CHAN NGA MAN', 'F', 1),
(657, 'CDG130010', '陳柏諺', 'CHAN PAK YIN', 'M', 1),
(658, 'CDG130011', '陳碧茹', 'CHAN PIK YU', 'F', 1),
(659, 'CDG130012', '陳湘嵐', 'CHAN SHEUNG LAM', 'F', 1),
(660, 'CDG130013', '陳倩亭', 'CHAN SIN TING', 'F', 1),
(661, 'CDG130014', '陳蒨渝', 'CHAN SIN YU', 'F', 1),
(662, 'CDG130015', '陳永灝', 'CHAN WING HO', 'M', 1),
(663, 'CDG130016', '陳伊婷', 'CHAN YI TING', 'F', 1),
(664, 'CDG130017', '陳玥雯', 'CHAN YUET MAN PEONY', 'F', 1),
(665, 'CDG130018', '周坪澔', 'CHAU PING HO', 'M', 1),
(666, 'CDG130019', '陳貝玲', 'CHEN PUI LING', 'F', 1),
(667, 'CDG130020', '張卓霖', 'CHEUNG CHEUK LAM', 'F', 1),
(668, 'CDG130021', '張卓蓉', 'CHEUNG CHEUK YUNG', 'F', 1),
(669, 'CDG130022', '張靄珊', 'CHEUNG OI SHAN', 'F', 1),
(670, 'CDG130023', '張思齊', 'CHEUNG SI TSAI ANGELA', 'F', 1),
(671, 'CDG130024', '詹愷蕎', 'CHIM HOI KIU', 'F', 1),
(672, 'CDG130025', '莊嘉怡', 'CHONG KA YI', 'F', 1),
(673, 'CDG130026', '周芷蔚', 'CHOW TSZ WAI', 'F', 1),
(674, 'CDG130027', '蔡曉賢', 'CHOY HIU YIN', 'F', 1),
(675, 'CDG130028', '朱浚謙', 'CHU TSUN HIM', 'M', 1),
(676, 'CDG130029', '朱梓晴', 'CHU TSZ CHING', 'F', 1),
(677, 'CDG130030', '朱琬喬', 'CHU YUEN KIU', 'F', 1),
(678, 'CDG130031', '鍾嘉慧', 'CHUNG KA WAI', 'F', 1),
(679, 'CDG130032', '馮月欣', 'FENG YUET YAN', 'F', 1),
(680, 'CDG130033', '霍韋廷', 'FOK KELVIN WAI TING', 'M', 1),
(681, 'CDG130034', '方銘賢', 'FONG MING YIN', 'F', 1),
(682, 'CDG130035', '馮焯瑤', 'FUNG CHEUK YIU', 'F', 1),
(683, 'CDG130036', '馮柏殷', 'FUNG PAK YAN', 'F', 1),
(684, 'CDG130037', '馮穎頤', 'FUNG WING YEE', 'F', 1),
(685, 'CDG130038', '何浩源', 'HO HO YUEN', 'M', 1),
(686, 'CDG130039', '何家葦', 'HO JASON KA WAI', 'M', 1),
(687, 'CDG130040', '何啟泰', 'HO KAI TAI', 'M', 1),
(688, 'CDG130041', '何文洵', 'HO MAN SHUN', 'F', 1),
(689, 'CDG130042', '何惠婷', 'HO WAI TING', 'F', 1),
(690, 'CDG130043', '何穎欣', 'HO WING YAN', 'F', 1),
(691, 'CDG130044', '許曉傑', 'HUI HIU KIT', 'M', 1),
(692, 'CDG130045', '洪嘉駿', 'HUNG KA CHUN', 'M', 1),
(693, 'CDG130046', '洪雪翠', 'HUNG SUET CHUI', 'F', 1),
(694, 'CDG130047', '葉詠婷', 'IP WING TING', 'F', 1),
(695, 'CDG130048', '簡詠霖', 'KAN WING LAM', 'F', 1),
(696, 'CDG130049', '姜穎珊', 'KEUNG WING SHAN', 'F', 1),
(697, 'CDG130050', '景立仁', 'KING LAP YAN', 'M', 1),
(698, 'CDG130051', '江凱琳', 'KONG HELEN', 'F', 1),
(699, 'CDG130052', '顧寧浩', 'KU NING HO', 'M', 1),
(700, 'CDG130053', '郭家杰', 'KWOK KA KIT', 'M', 1),
(701, 'CDG130054', '黎俊廷', 'LAI CHUN TING', 'M', 1),
(702, 'CDG130055', '賴沛妮', 'LAI PUI NI', 'F', 1),
(703, 'CDG130056', '黎瑋俊', 'LAI WAI CHUN', 'M', 1),
(704, 'CDG130057', '林子軒', 'LAM TSZ HIN', 'M', 1),
(705, 'CDG130058', '林暘皓', 'LAM YEUNG HO', 'M', 1),
(706, 'CDG130059', '劉芊穎', 'LAU CHIN WING', 'F', 1),
(707, 'CDG130060', '劉靖怡', 'LAU CHING YI', 'F', 1),
(708, 'CDG130061', '劉家萍', 'LAU KA PING', 'F', 1),
(709, 'CDG130062', '劉承嗣', 'LAU SHING CHI', 'M', 1),
(710, 'CDG130063', '羅慧殷', 'LAW WAI YAN', 'F', 1),
(711, 'CDG130064', '李嘉敏', 'LEE KA MAN', 'F', 1),
(712, 'CDG130065', '李嘉融', 'LEE KA YUNG', 'F', 1),
(713, 'CDG130066', '李采倩', 'LEE TSOI SIN', 'F', 1),
(714, 'CDG130067', '李懷寯', 'LEE WAI CHUN', 'M', 1),
(715, 'CDG130068', '梁思恩', 'LEUNG SZE YAN IRIS', 'F', 1),
(716, 'CDG130069', '梁子琳', 'LEUNG TSZ LAM', 'F', 1),
(717, 'CDG130070', '梁宇恒', 'LEUNG YU HANG', 'M', 1),
(718, 'CDG130071', '李津欣', 'LI CHUN YAN', 'F', 1),
(719, 'CDG130072', '李巧詩', 'LI HAU SZE', 'F', 1),
(720, 'CDG130073', '李凱琳', 'LI HOI LAM', 'F', 1),
(721, 'CDG130074', '李泇碧', 'LI KA PIK', 'F', 1),
(722, 'CDG130075', '李煜彥', 'LI YUK YIN', 'M', 1),
(723, 'CDG130076', '凌以敬', 'LING YEE KING', 'M', 1),
(724, 'CDG130077', '陸嘉穎', 'LUK KA WING', 'F', 1),
(725, 'CDG130078', '馬文慧', 'MA MAN WAI', 'F', 1),
(726, 'CDG130079', '馬子柔', 'MA TSZ YAU', 'F', 1),
(727, 'CDG130080', '馬穎潼', 'MA WING TUNG', 'F', 1),
(728, 'CDG130081', '莫芷悅', 'MOK TSZ YUET', 'F', 1),
(729, 'CDG130082', '吳卓軒', 'NG CHEUK HIN', 'M', 1),
(730, 'CDG130083', '吳卓翰', 'NG CHEUK HON', 'M', 1),
(731, 'CDG130084', '吳振鋒', 'NG CHUN FUNG', 'M', 1),
(732, 'CDG130085', '吳家洋', 'NG KA YEUNG', 'M', 1),
(733, 'CDG130086', '吳培龍', 'NG PUI LUNG', 'M', 1),
(734, 'CDG130087', '吳子健', 'NG TSZ KIN', 'M', 1),
(735, 'CDG130088', '伍泳行', 'NG WING HANG', 'M', 1),
(736, 'CDG130089', '吳依曈', 'NG YEE TUNG', 'F', 1),
(737, 'CDG130090', '彭桂芳', 'PANG KWAI FONG', 'F', 1),
(738, 'CDG130091', '潘姻璇', 'POON YAN SUEN VIRGINIA', 'F', 1),
(739, 'CDG130092', '潘思穎', 'PUN SZE WING', 'F', 1),
(740, 'CDG130093', '史翊宏', 'SHE YIK WANG', 'M', 1),
(741, 'CDG130094', '岑婧彤', 'SHUM CHING TUNG', 'F', 1),
(742, 'CDG130095', '蕭梓軒', 'SIU TSZ HIN', 'M', 1),
(743, 'CDG130096', '蘇蔚', 'SO WAI', 'F', 1),
(744, 'CDG130097', '張倩怡', 'TIU SIN YI', 'F', 1),
(745, 'CDG130098', '曾子晴', 'TSANG TSZ CHING', 'F', 1),
(746, 'CDG130099', '曾芷悠', 'TSANG TSZ YAU', 'F', 1),
(747, 'CDG130100', '曾沅薇', 'TSANG YUEN MEI', 'F', 1),
(748, 'CDG130101', '謝旻駿', 'TSE MAN CHUN', 'M', 1),
(749, 'CDG130102', '謝柏義', 'TSE PAK YEE', 'M', 1),
(750, 'CDG130103', '謝琇珺', 'TSE SAU KWAN', 'F', 1),
(751, 'CDG130104', '謝宛庭', 'TSE YUEN TING', 'F', 1),
(752, 'CDG130105', '蔡景森', 'TSOI KING SUM', 'M', 1),
(753, 'CDG130106', '蔡詩?', 'TSOI SZE YING', 'F', 1),
(754, 'CDG130107', '崔秀媛', 'TSUI SAU WUN', 'F', 1),
(755, 'CDG130108', '董兆河', 'TUNG SIU HO', 'M', 1),
(756, 'CDG130109', '溫碧汶', 'WAN PIK MAN', 'F', 1),
(757, 'CDG130110', '王凱瑤', 'WONG HOI YIU', 'F', 1),
(758, 'CDG130111', '黃凌翀', 'WONG LING CHUNG', 'M', 1),
(759, 'CDG130112', '王銘麒', 'WONG MING KI', 'M', 1),
(760, 'CDG130113', '黃泊端', 'WONG PAK TUEN BRANDON', 'M', 1),
(761, 'CDG130114', '黃佩詩', 'WONG PUI SZE', 'F', 1),
(762, 'CDG130115', '黃天揚', 'WONG TIN YEUNG SKY', 'M', 1),
(763, 'CDG130116', '黃耀安', 'WONG YIU ON', 'M', 1),
(764, 'CDG130117', '吳衍彤', 'WU HIN TUNG', 'F', 1),
(765, 'CDG130118', '楊思銳', 'YANG SIRUI', 'M', 1),
(766, 'CDG130119', '楊駿傑', 'YEUNG CHUN KIT', 'M', 1),
(767, 'CDG130120', '楊富文', 'YEUNG FU MAN', 'M', 1),
(768, 'CDG130121', '楊銘杰', 'YEUNG MING KIT', 'M', 1),
(769, 'CDG130122', '楊梓民', 'YEUNG TSZ MAN', 'M', 1),
(770, 'CDG130123', '楊子瑩', 'YEUNG TSZ YING', 'F', 1),
(771, 'CDG130124', '姚敏瑜', 'YIU MAN YU', 'F', 1),
(772, 'CDG130125', '余浩明', 'YU HO MING', 'M', 1),
(773, 'CDG130126', '袁彥誠', 'YUEN YIN SHING ANSEN', 'M', 1),
(774, 'CDG130127', '周仲軒', 'CHOW CHUNG HIN', 'M', 1),
(775, 'CDG130128', '黃凱童', 'WONG HOI TUNG', 'F', 1),
(776, 'CDG130129', '潘倬綾', 'POON CHEUK LING', 'F', 1),
(777, 'CDG130130', '何蔚天', 'HO ADRIAN', 'M', 1),
(778, 'CDG140001', '陳凱樺', 'CHAN HOI WA', 'F', 1),
(779, 'CDG140002', '陳樂怡', 'CHAN LOK YI JOYCE', 'F', 1),
(780, 'CDG140003', '陳柏浩', 'CHAN PAK HO', 'M', 1),
(781, 'CDG140004', '陳珮旻', 'CHAN PUI MAN', 'F', 1),
(782, 'CDG140005', '陳思晴', 'CHAN SZE CHING', 'F', 1),
(783, 'CDG140006', '陳祉妤', 'CHAN TSZ UE CHERRY', 'F', 1),
(784, 'CDG140007', '張逸晞', 'CHEUNG YAT HEI', 'F', 1),
(785, 'CDG140008', '趙子昕', 'CHIU TSZ YAN', 'F', 1),
(786, 'CDG140009', '趙慧怡', 'CHIU WAI YI', 'F', 1),
(787, 'CDG140010', '周芷清', 'CHOW CHEE CHING', 'F', 1),
(788, 'CDG140011', '周繾悅', 'CHOW HIN YUET', 'F', 1),
(789, 'CDG140012', '朱葦淇', 'CHU WAI KI', 'F', 1),
(790, 'CDG140013', '范嘉懿', 'FAN KA YI', 'F', 1),
(791, 'CDG140014', '霍文軒', 'FOK MAN HIN', 'M', 1),
(792, 'CDG140015', '馮永棋', 'FUNG WING KI JOHN', 'M', 1),
(793, 'CDG140016', '侯雅清', 'HAU NGA CHING ANGEL', 'F', 1),
(794, 'CDG140017', '何穎姿', 'HO WING CHI', 'F', 1),
(795, 'CDG140018', '洪卓琳', 'HUNG CHEUK LAM', 'F', 1),
(796, 'CDG140019', '林子琪', 'LAM TSZ KI', 'F', 1),
(797, 'CDG140020', '李仕成', 'LEE SHI SHING', 'M', 1),
(798, 'CDG140021', '李思瑤', 'LI SZE YIU', 'F', 1),
(799, 'CDG140022', '李伊彤', 'LI YI TUNG', 'F', 1),
(800, 'CDG140023', '凌雨楓', 'LING YU FUNG', 'M', 1),
(801, 'CDG140024', '盧鴻傑', 'LO HUNG KIT', 'M', 1),
(802, 'CDG140025', '盧嘉慧', 'LO KA WAI', 'F', 1),
(803, 'CDG140026', '盧明僖', 'LO MING HEI', 'M', 1),
(804, 'CDG140027', '麥嘉軒', 'MACK KA HIN', 'M', 1),
(805, 'CDG140028', '麥曉晴', 'MAK HIU CHING', 'F', 1),
(806, 'CDG140029', '吳家謙', 'NG KA HIM', 'M', 1),
(807, 'CDG140030', '伍嘉穎', 'NG KA WING', 'M', 1),
(808, 'CDG140031', '潘悅', 'PUN YUET', 'F', 1),
(809, 'CDG140032', '蕭浩權', 'SIO HO KUEN', 'M', 1),
(810, 'CDG140033', '蕭卓', 'SIU CHEUK WING', 'F', 1),
(811, 'CDG140034', '曾慶濤', 'TSANG HING TO', 'M', 1),
(812, 'CDG140035', '謝暉堯', 'TSE FAI YIU', 'M', 1),
(813, 'CDG140036', '徐愷彤', 'TSUI HOI TUNG', 'F', 1),
(814, 'CDG140037', '顏曉瑩', 'YEN HIU YING', 'F', 1),
(815, 'CDG140038', '楊嘉穎', 'YEUNG KA WING', 'F', 1),
(816, 'CDG140039', '楊政山', 'YOUNG CHING SHAN VEX', 'M', 1),
(817, 'CDG140040', '余雯雅', 'YU MAN NGA', 'F', 1),
(818, 'CDG140041', '歐陽蔚妍', 'AU YEUNG WAI YIN', 'F', 1),
(819, 'CDG140042', '蔡凱茵', 'CAI HOI YAN', 'F', 1),
(820, 'CDG140043', '陳昊東', 'CHAN HO TUNG', 'M', 1),
(821, 'CDG140044', '陳珈銘', 'CHAN KA MING', 'M', 1),
(822, 'CDG140045', '陳銘平', 'CHAN MING PING', 'M', 1),
(823, 'CDG140046', '陳寶怡', 'CHAN PO YI', 'F', 1),
(824, 'CDG140047', '陳思伶', 'CHAN SZE LING', 'F', 1),
(825, 'CDG140048', '陳思艾', 'CHAN SZE NGAI VINIA', 'F', 1),
(826, 'CDG140049', '陳映彤', 'CHAN YING TUNG', 'F', 1),
(827, 'CDG140050', '周尚霖', 'CHAU SHEUNG LAM STEPHEN', 'M', 1),
(828, 'CDG140051', '陳建盛', 'CHEN JIANSHENG', 'M', 1),
(829, 'CDG140052', '鄭淇方', 'CHENG KI FONG', 'F', 1),
(830, 'CDG140053', '鄭穎欣', 'CHENG WING YAN', 'F', 1),
(831, 'CDG140054', '張凱芹', 'CHEUNG HOI KAN', 'M', 1),
(832, 'CDG140055', '張鋮', 'CHEUNG SHING', 'M', 1),
(833, 'CDG140056', '張心賢', 'CHEUNG SUM YIN CATHY', 'F', 1),
(834, 'CDG140057', '張心悅', 'CHEUNG SUM YUET', 'F', 1),
(835, 'CDG140058', '張殷嵐', 'CHEUNG YAN LAAM', 'M', 1),
(836, 'CDG140060', '曹梓鋒', 'CHO TSZ FUNG', 'M', 1),
(837, 'CDG140061', '蔡梓年', 'CHOI TSZ NIN', 'M', 1),
(838, 'CDG140062', '朱彥樺', 'CHU YIN WAH', 'F', 1),
(839, 'CDG140063', '朱琬晴', 'CHU YUEN CHING', 'F', 1),
(840, 'CDG140064', '鍾緻韻', 'CHUNG CHI WAN', 'F', 1),
(841, 'CDG140065', '何卓妍', 'HO CHEUK YIN', 'F', 1),
(842, 'CDG140066', '許偉鏗', 'HUI WAI HANG', 'M', 1),
(843, 'CDG140067', '洪綽禧', 'HUNG JASON', 'M', 1),
(844, 'CDG140068', '姜穎彤', 'KEUNG WING TUNG', 'F', 1),
(845, 'CDG140069', '江浩茵', 'KONG HO YAN', 'F', 1),
(846, 'CDG140070', '江浩瑤', 'KONG HO YIU JOEY', 'F', 1),
(847, 'CDG140071', '關穎琳', 'KWAN WING LAM', 'F', 1),
(848, 'CDG140072', '郭樹標', 'KWOK SHU PIU', 'M', 1),
(849, 'CDG140073', '林嘉穎', 'LAM KA WING ERICA', 'F', 1),
(850, 'CDG140074', '劉卓軒', 'LAU CHEUK HIN', 'M', 1),
(851, 'CDG140075', '劉晉熙', 'LAU CHUN HEI', 'M', 1),
(852, 'CDG140076', '劉松霖', 'LAU CHUNG LAM', 'M', 1),
(853, 'CDG140077', '劉天朗', 'LAU TIN LONG', 'M', 1),
(854, 'CDG140078', '劉婉兒', 'LAU YUEN YI ALICE', 'F', 1),
(855, 'CDG140079', '李子聰', 'LEE TSZ CHUNG', 'M', 1),
(856, 'CDG140080', '李穎欣', 'LEE WING YAN', 'F', 1),
(857, 'CDG140081', '梁卓豐', 'LEUNG CHEUK FUNG', 'M', 1),
(858, 'CDG140082', '梁嘉兒', 'LEUNG KA YI', 'F', 1),
(859, 'CDG140083', '梁博雄', 'LEUNG POK HUNG', 'M', 1),
(860, 'CDG140084', '梁峻深', 'LEUNG TSUN SUM', 'M', 1),
(861, 'CDG140085', '李俊霖', 'LI CHUN LAM', 'M', 1),
(862, 'CDG140086', '李俊彥', 'LI CHUN YIN', 'M', 1),
(863, 'CDG140087', '李鑫權', 'LI YAM KUEN', 'M', 1),
(864, 'CDG140088', '呂凌駿', 'LUI NING CHUN TIMMOUS', 'M', 1),
(865, 'CDG140089', '陸俊霖', 'LUK CHUN LAM', 'M', 1),
(866, 'CDG140090', '陸嘉妍', 'LUK KA YIN', 'F', 1),
(867, 'CDG140092', '莫靜涵', 'MOK CHING HAM', 'F', 1),
(868, 'CDG140093', '吳嘉璐', 'NG CAROL', 'F', 1),
(869, 'CDG140094', '伍卓軍', 'NG CHEUK KWAN', 'M', 1),
(870, 'CDG140095', '伍曉彤', 'NG HIU TUNG', 'F', 1),
(871, 'CDG140096', '吳綺翎', 'NG YEE LING', 'F', 1),
(872, 'CDG140097', '柯佩芝', 'OR PUI CHI', 'F', 1),
(873, 'CDG140098', '潘思諾', 'POON SZE NOK AGATHA', 'F', 1),
(874, 'CDG140099', '蘇鴻軒', 'SO HUNG HIN', 'M', 1),
(875, 'CDG140100', '施慧敏', 'SSU WAI MAN', 'F', 1),
(876, 'CDG140102', '謝靜之', 'TSE CHING CHI', 'F', 1),
(877, 'CDG140103', '謝毅俊', 'TSE NGAI CHUN', 'M', 1),
(878, 'CDG140104', '蔡綺倩', 'TSOI YEE SIN', 'F', 1),
(879, 'CDG140105', '徐健東', 'TSUI KIN TUNG', 'M', 1),
(880, 'CDG140106', '董川越', 'TUNG CHUEN YUET', 'M', 1),
(881, 'CDG140107', '溫穎彤', 'WAN WING TUNG', 'F', 1),
(882, 'CDG140108', '王振鋒', 'WONG CHUN FUNG', 'M', 1),
(883, 'CDG140109', '黃巧瑜', 'WONG HAU YU TIFFANY', 'F', 1),
(884, 'CDG140110', '黃珈琳', 'WONG KA LAM KELLY', 'F', 1),
(885, 'CDG140111', '王心弦', 'WONG SUM IN', 'F', 1),
(886, 'CDG140112', '黃子卓', 'WONG TSZ CHEUK', 'M', 1),
(887, 'CDG140113', '黃煒霖', 'WONG WAI LAM', 'M', 1),
(888, 'CDG140114', '王伊琳', 'WONG YI LAM', 'F', 1),
(889, 'CDG140115', '黃玉懿', 'WONG YUK YI', 'F', 1),
(890, 'CDG140116', '胡兆璧', 'WU SIU PIK', 'F', 1),
(891, 'CDG140117', '姚卓彥', 'YAO GORDON CHEUK YIN', 'M', 1),
(892, 'CDG140118', '邱可蕎', 'YAU HO KIU', 'F', 1),
(893, 'CDG140119', '楊海銘', 'YEONG HOI MING', 'M', 1),
(894, 'CDG140120', '楊景堯', 'YEUNG KING YIU', 'M', 1),
(895, 'CDG140121', '楊鵬昊', 'YEUNG PANG HO', 'M', 1),
(896, 'CDG140122', '葉凱琳', 'YIP HOI LAM', 'F', 1),
(897, 'CDG140123', '葉敏琪', 'YIP MAN KI MAGGIE', 'F', 1),
(898, 'CDG140124', '余映彤', 'YU YING TUNG', 'F', 1),
(899, 'CDG140126', '鄭鎧忻', 'CHENG HOI YAN', 'F', 1),
(900, 'CDG140127', '陳冠志', 'CHAN KWUN CHI', 'M', 1),
(901, 'CDG140128', '郁璵嫣', 'YUK YU YAN', 'F', 1),
(902, 'CDG900082', '羅富康', 'LAW FU HONG', 'M', 1);

-- --------------------------------------------------------

--
-- Table structure for table `student_yearly_info`
--

CREATE TABLE `student_yearly_info` (
  `student_index` int(10) UNSIGNED NOT NULL,
  `enrollment_year` int(4) UNSIGNED NOT NULL,
  `form` int(4) NOT NULL,
  `class` char(1) COLLATE utf8_unicode_ci DEFAULT NULL,
  `class_number` int(2) DEFAULT NULL,
  `house` char(1) COLLATE utf8_unicode_ci DEFAULT NULL
) ENGINE=InnoDB DEFAULT CHARSET=utf8 COLLATE=utf8_unicode_ci;

--
-- Dumping data for table `student_yearly_info`
--

INSERT INTO `student_yearly_info` (`student_index`, `enrollment_year`, `form`, `class`, `class_number`, `house`) VALUES
(1, 2014, 7, 'Y', 7, 'Y'),
(1, 2015, 0, 'X', 0, 'X'),
(2, 2015, 6, 'A', 22, 'L'),
(3, 2015, 6, 'B', 21, 'M'),
(4, 2015, 6, 'A', 16, 'J'),
(5, 2015, 6, 'B', 22, 'K'),
(6, 2015, 6, 'B', 3, 'K'),
(7, 2015, 6, 'B', 24, 'M'),
(8, 2015, 6, 'B', 29, 'L'),
(9, 2015, 6, 'A', 12, 'L'),
(10, 2015, 6, 'A', 23, 'J'),
(11, 2015, 6, 'B', 35, 'M'),
(12, 2015, 6, 'A', 30, 'K'),
(13, 2015, 6, 'B', 19, 'J'),
(14, 2015, 6, 'A', 31, 'K'),
(15, 2015, 6, 'E', 19, 'K'),
(16, 2015, 6, 'C', 1, 'M'),
(17, 2015, 6, 'A', 1, 'M'),
(18, 2015, 6, 'D', 30, 'J'),
(19, 2015, 6, 'A', 2, 'J'),
(20, 2015, 6, 'C', 2, 'M'),
(21, 2015, 6, 'E', 1, 'J'),
(22, 2015, 6, 'C', 26, 'L'),
(23, 2015, 6, 'E', 2, 'K'),
(24, 2015, 6, 'C', 3, 'K'),
(25, 2015, 6, 'E', 3, 'M'),
(26, 2015, 6, 'C', 4, 'L'),
(27, 2015, 6, 'B', 23, 'J'),
(28, 2015, 6, 'B', 1, 'K'),
(29, 2015, 6, 'E', 4, 'L'),
(30, 2015, 6, 'B', 2, 'M'),
(31, 2015, 6, 'E', 5, 'J'),
(32, 2015, 6, 'C', 5, 'J'),
(33, 2015, 6, 'D', 1, 'L'),
(34, 2015, 6, 'E', 6, 'K'),
(35, 2015, 6, 'D', 2, 'J'),
(36, 2015, 6, 'A', 3, 'K'),
(37, 2015, 6, 'A', 17, 'J'),
(38, 2015, 6, 'C', 27, 'M'),
(39, 2015, 4, 'A', 19, 'M'),
(40, 2015, 6, 'E', 20, 'J'),
(41, 2015, 6, 'D', 3, 'K'),
(42, 2015, 6, 'A', 4, 'L'),
(43, 2015, 6, 'C', 6, 'J'),
(44, 2015, 6, 'C', 7, 'K'),
(45, 2015, 6, 'C', 8, 'M'),
(46, 2015, 6, 'B', 4, 'K'),
(47, 2015, 6, 'E', 7, 'M'),
(48, 2015, 6, 'A', 5, 'K'),
(49, 2015, 6, 'C', 9, 'L'),
(50, 2015, 6, 'D', 4, 'M'),
(51, 2015, 6, 'B', 5, 'J'),
(52, 2015, 6, 'C', 29, 'L'),
(53, 2015, 6, 'C', 30, 'M'),
(54, 2015, 6, 'D', 31, 'L'),
(55, 2015, 6, 'A', 6, 'L'),
(56, 2015, 6, 'D', 32, 'K'),
(57, 2015, 6, 'B', 25, 'K'),
(58, 2015, 6, 'C', 10, 'M'),
(59, 2015, 6, 'B', 6, 'L'),
(60, 2015, 6, 'E', 8, 'M'),
(61, 2015, 6, 'B', 7, 'M'),
(62, 2015, 6, 'D', 33, 'L'),
(63, 2015, 6, 'A', 18, 'L'),
(64, 2015, 6, 'C', 11, 'K'),
(65, 2015, 6, 'B', 26, 'K'),
(66, 2015, 6, 'A', 7, 'L'),
(67, 2015, 6, 'E', 9, 'L'),
(68, 2015, 6, 'E', 22, 'L'),
(69, 2015, 6, 'B', 9, 'J'),
(70, 2015, 6, 'D', 5, 'L'),
(71, 2015, 6, 'C', 31, 'M'),
(72, 2015, 6, 'A', 8, 'J'),
(73, 2015, 6, 'A', 19, 'K'),
(74, 2015, 5, 'B', 21, 'M'),
(75, 2015, 6, 'B', 10, 'K'),
(76, 2015, 6, 'D', 6, 'J'),
(77, 2015, 6, 'C', 12, 'K'),
(78, 2015, 6, 'C', 32, 'M'),
(79, 2015, 6, 'B', 27, 'M'),
(80, 2015, 6, 'D', 34, 'M'),
(81, 2015, 6, 'B', 28, 'K'),
(82, 2015, 6, 'A', 9, 'K'),
(83, 2015, 6, 'A', 10, 'K'),
(84, 2015, 6, 'A', 11, 'K'),
(85, 2015, 6, 'B', 11, 'K'),
(86, 2015, 6, 'D', 7, 'L'),
(87, 2015, 6, 'D', 8, 'M'),
(88, 2015, 5, 'B', 6, 'K'),
(89, 2015, 6, 'E', 23, 'K'),
(90, 2015, 6, 'A', 20, 'M'),
(91, 2015, 6, 'C', 33, 'L'),
(92, 2015, 6, 'A', 21, 'J'),
(93, 2015, 6, 'B', 31, 'J'),
(94, 2015, 6, 'B', 32, 'K'),
(95, 2015, 6, 'C', 14, 'L'),
(96, 2015, 6, 'C', 34, 'K'),
(97, 2015, 6, 'D', 9, 'M'),
(98, 2015, 6, 'C', 15, 'J'),
(99, 2015, 6, 'C', 16, 'J'),
(100, 2015, 6, 'C', 17, 'J'),
(101, 2015, 6, 'C', 35, 'J'),
(102, 2015, 6, 'E', 10, 'J'),
(103, 2015, 6, 'E', 24, 'M'),
(104, 2015, 6, 'C', 18, 'K'),
(105, 2015, 6, 'E', 25, 'L'),
(106, 2015, 6, 'A', 24, 'K'),
(107, 2015, 5, 'C', 15, 'M'),
(108, 2015, 6, 'E', 26, 'J'),
(109, 2015, 6, 'D', 10, 'M'),
(110, 2015, 6, 'B', 12, 'L'),
(111, 2015, 6, 'B', 13, 'L'),
(112, 2015, 6, 'C', 19, 'M'),
(113, 2015, 6, 'A', 13, 'K'),
(114, 2015, 6, 'D', 11, 'K'),
(115, 2015, 6, 'B', 33, 'J'),
(116, 2015, 6, 'D', 35, 'K'),
(117, 2015, 6, 'D', 12, 'L'),
(118, 2015, 6, 'B', 14, 'L'),
(119, 2015, 6, 'D', 13, 'K'),
(120, 2015, 6, 'D', 15, 'M'),
(121, 2015, 6, 'C', 20, 'L'),
(122, 2015, 6, 'D', 16, 'M'),
(123, 2015, 6, 'C', 21, 'L'),
(124, 2015, 6, 'C', 22, 'M'),
(125, 2015, 6, 'E', 27, 'L'),
(126, 2015, 6, 'E', 28, 'L'),
(127, 2015, 5, 'B', 11, 'M'),
(128, 2015, 4, 'A', 27, 'M'),
(129, 2015, 6, 'E', 11, 'L'),
(130, 2015, 6, 'A', 25, 'M'),
(131, 2015, 6, 'D', 36, 'L'),
(132, 2015, 6, 'A', 27, 'J'),
(133, 2015, 6, 'B', 34, 'L'),
(134, 2015, 6, 'D', 18, 'M'),
(135, 2015, 6, 'E', 29, 'M'),
(136, 2015, 6, 'E', 30, 'L'),
(137, 2015, 6, 'D', 37, 'K'),
(138, 2015, 5, 'A', 15, 'M'),
(139, 2015, 6, 'D', 38, 'J'),
(140, 2015, 6, 'E', 13, 'L'),
(141, 2015, 6, 'E', 31, 'M'),
(142, 2015, 6, 'A', 14, 'L'),
(143, 2015, 6, 'C', 23, 'J'),
(144, 2015, 6, 'C', 36, 'L'),
(145, 2015, 6, 'D', 39, 'J'),
(146, 2015, 5, 'B', 28, 'M'),
(147, 2015, 6, 'E', 14, 'L'),
(148, 2015, 6, 'D', 19, 'M'),
(149, 2015, 6, 'E', 15, 'M'),
(150, 2015, 6, 'B', 16, 'M'),
(151, 2015, 6, 'C', 37, 'J'),
(152, 2015, 6, 'E', 32, 'J'),
(153, 2015, 6, 'B', 17, 'L'),
(154, 2015, 6, 'A', 28, 'K'),
(155, 2015, 6, 'C', 38, 'J'),
(156, 2015, 6, 'D', 21, 'M'),
(157, 2015, 6, 'C', 39, 'K'),
(158, 2015, 6, 'D', 22, 'M'),
(159, 2015, 6, 'D', 23, 'J'),
(160, 2015, 6, 'E', 33, 'M'),
(161, 2015, 6, 'D', 24, 'J'),
(162, 2015, 6, 'E', 34, 'J'),
(163, 2015, 6, 'E', 16, 'L'),
(164, 2015, 6, 'E', 17, 'K'),
(165, 2015, 6, 'A', 29, 'K'),
(166, 2015, 6, 'D', 25, 'L'),
(167, 2015, 6, 'E', 18, 'K'),
(168, 2015, 6, 'D', 26, 'J'),
(169, 2015, 6, 'B', 18, 'J'),
(170, 2015, 6, 'C', 25, 'J'),
(171, 2015, 6, 'D', 28, 'J'),
(172, 2015, 6, 'B', 20, 'K'),
(173, 2015, 6, 'E', 35, 'L'),
(174, 2015, 6, 'B', 15, 'J'),
(175, 2015, 6, 'E', 36, 'J'),
(176, 2015, 6, 'C', 40, 'K'),
(177, 2015, 6, 'E', 37, 'K'),
(178, 2015, 6, 'C', 41, 'L'),
(179, 2015, 6, 'B', 36, 'L'),
(180, 2015, 6, 'E', 38, 'K'),
(181, 2015, 6, 'A', 15, 'J'),
(182, 2015, 6, 'D', 29, 'J'),
(183, 2015, 6, 'C', 28, 'J'),
(184, 2015, 6, 'D', 40, 'L'),
(185, 2015, 6, 'E', 21, 'K'),
(186, 2015, 6, 'B', 8, 'K'),
(187, 2015, 6, 'D', 27, 'K'),
(188, 2015, 6, 'C', 24, 'K'),
(189, 2015, 6, 'D', 14, 'J'),
(190, 2015, 5, 'A', 12, 'M'),
(191, 2015, 6, 'A', 26, 'L'),
(192, 2015, 6, 'D', 17, 'J'),
(193, 2015, 6, 'C', 13, 'L'),
(194, 2015, 6, 'E', 12, 'J'),
(195, 2015, 6, 'D', 20, 'K'),
(196, 2015, 5, 'A', 1, 'M'),
(197, 2015, 5, 'A', 18, 'L'),
(198, 2015, 5, 'B', 1, 'K'),
(199, 2015, 5, 'A', 19, 'K'),
(200, 2015, 5, 'E', 23, 'K'),
(201, 2015, 5, 'C', 20, 'L'),
(202, 2015, 5, 'D', 1, 'K'),
(203, 2015, 5, 'E', 24, 'K'),
(204, 2015, 5, 'D', 27, 'J'),
(205, 2015, 5, 'E', 1, 'M'),
(206, 2015, 5, 'B', 2, 'L'),
(207, 2015, 5, 'A', 2, 'L'),
(208, 2015, 5, 'D', 2, 'M'),
(209, 2015, 5, 'D', 3, 'J'),
(210, 2015, 5, 'A', 21, 'M'),
(211, 2015, 5, 'C', 21, 'M'),
(212, 2015, 5, 'C', 22, 'L'),
(213, 2015, 5, 'B', 19, 'K'),
(214, 2015, 5, 'C', 2, 'K'),
(215, 2015, 5, 'B', 20, 'J'),
(216, 2015, 5, 'B', 3, 'L'),
(217, 2015, 5, 'D', 28, 'L'),
(218, 2015, 5, 'C', 23, 'L'),
(219, 2015, 5, 'D', 29, 'K'),
(220, 2015, 5, 'D', 4, 'L'),
(221, 2015, 5, 'A', 3, 'K'),
(222, 2015, 5, 'D', 30, 'L'),
(223, 2015, 5, 'E', 2, 'M'),
(224, 2015, 4, 'A', 20, 'J'),
(225, 2015, 5, 'A', 4, 'M'),
(226, 2015, 5, 'A', 5, 'K'),
(227, 2015, 5, 'E', 3, 'M'),
(228, 2015, 5, 'E', 25, 'L'),
(229, 2015, 5, 'D', 31, 'L'),
(230, 2015, 5, 'B', 4, 'L'),
(231, 2015, 5, 'D', 5, 'K'),
(232, 2015, 5, 'D', 32, 'L'),
(233, 2015, 5, 'E', 4, 'K'),
(234, 2015, 5, 'C', 4, 'L'),
(235, 2015, 5, 'B', 5, 'K'),
(236, 2015, 5, 'E', 5, 'J'),
(237, 2015, 5, 'E', 6, 'L'),
(238, 2015, 5, 'E', 7, 'M'),
(239, 2015, 5, 'A', 6, 'J'),
(240, 2015, 5, 'C', 25, 'M'),
(241, 2015, 5, 'E', 9, 'L'),
(242, 2015, 5, 'A', 7, 'M'),
(243, 2015, 5, 'E', 26, 'K'),
(244, 2015, 5, 'E', 10, 'L'),
(245, 2015, 5, 'D', 7, 'K'),
(246, 2015, 5, 'A', 8, 'K'),
(247, 2015, 5, 'E', 27, 'K'),
(248, 2015, 5, 'A', 9, 'J'),
(249, 2015, 5, 'C', 5, 'K'),
(250, 2015, 5, 'C', 6, 'L'),
(251, 2015, 5, 'C', 26, 'M'),
(252, 2015, 5, 'D', 8, 'K'),
(253, 2015, 5, 'D', 9, 'M'),
(254, 2015, 5, 'A', 10, 'L'),
(255, 2015, 5, 'D', 10, 'J'),
(256, 2015, 5, 'D', 34, 'M'),
(257, 2015, 5, 'C', 27, 'K'),
(258, 2015, 5, 'E', 28, 'L'),
(259, 2015, 5, 'E', 29, 'J'),
(260, 2015, 5, 'A', 11, 'J'),
(261, 2015, 5, 'C', 28, 'K'),
(262, 2015, 5, 'C', 29, 'K'),
(263, 2015, 5, 'C', 7, 'J'),
(264, 2015, 5, 'B', 22, 'K'),
(265, 2015, 5, 'E', 30, 'M'),
(266, 2015, 5, 'D', 11, 'J'),
(267, 2015, 5, 'D', 12, 'J'),
(268, 2015, 5, 'D', 13, 'J'),
(269, 2015, 5, 'E', 31, 'M'),
(270, 2015, 5, 'E', 12, 'L'),
(271, 2015, 5, 'D', 14, 'J'),
(272, 2015, 5, 'C', 30, 'K'),
(273, 2015, 5, 'C', 8, 'J'),
(274, 2015, 5, 'A', 22, 'J'),
(275, 2015, 5, 'C', 31, 'J'),
(276, 2015, 5, 'D', 15, 'J'),
(277, 2015, 5, 'C', 10, 'L'),
(278, 2015, 5, 'C', 11, 'K'),
(279, 2015, 5, 'C', 12, 'K'),
(280, 2015, 5, 'D', 16, 'K'),
(281, 2015, 5, 'C', 13, 'L'),
(282, 2015, 5, 'B', 23, 'J'),
(283, 2015, 5, 'D', 35, 'K'),
(284, 2015, 5, 'B', 7, 'K'),
(285, 2015, 5, 'D', 17, 'L'),
(286, 2015, 5, 'A', 23, 'K'),
(287, 2015, 5, 'B', 24, 'J'),
(288, 2015, 5, 'E', 13, 'L'),
(289, 2015, 5, 'B', 8, 'M'),
(290, 2015, 4, 'A', 24, 'M'),
(291, 2015, 5, 'B', 25, 'J'),
(292, 2015, 5, 'C', 14, 'M'),
(293, 2015, 5, 'B', 9, 'L'),
(294, 2015, 4, 'A', 25, 'L'),
(295, 2015, 4, 'A', 26, 'J'),
(296, 2015, 5, 'B', 26, 'M'),
(297, 2015, 4, 'A', 14, 'K'),
(298, 2015, 5, 'C', 32, 'J'),
(299, 2015, 5, 'A', 24, 'M'),
(300, 2015, 5, 'D', 18, 'M'),
(301, 2015, 4, 'B', 24, 'L'),
(302, 2015, 5, 'A', 13, 'J'),
(303, 2015, 5, 'E', 32, 'J'),
(304, 2015, 5, 'A', 25, 'L'),
(305, 2015, 5, 'E', 33, 'M'),
(306, 2015, 5, 'E', 14, 'M'),
(307, 2015, 5, 'C', 16, 'M'),
(308, 2015, 5, 'D', 19, 'J'),
(309, 2015, 5, 'B', 10, 'K'),
(310, 2015, 5, 'D', 36, 'L'),
(311, 2015, 5, 'B', 12, 'K'),
(312, 2015, 5, 'D', 20, 'J'),
(313, 2015, 5, 'A', 14, 'L'),
(314, 2015, 5, 'E', 34, 'L'),
(315, 2015, 5, 'D', 37, 'L'),
(316, 2015, 5, 'E', 16, 'M'),
(317, 2015, 5, 'E', 35, 'M'),
(318, 2015, 4, 'B', 28, 'K'),
(319, 2015, 5, 'A', 26, 'K'),
(320, 2015, 5, 'B', 13, 'J'),
(321, 2015, 5, 'C', 34, 'J'),
(322, 2015, 5, 'A', 16, 'K'),
(323, 2015, 5, 'C', 17, 'L'),
(324, 2015, 5, 'C', 35, 'J'),
(325, 2015, 5, 'B', 27, 'M'),
(326, 2015, 5, 'A', 17, 'K'),
(327, 2015, 5, 'A', 27, 'J'),
(328, 2015, 5, 'B', 14, 'K'),
(329, 2015, 5, 'D', 21, 'M'),
(330, 2015, 5, 'E', 17, 'M'),
(331, 2015, 5, 'E', 18, 'M'),
(332, 2015, 5, 'C', 36, 'J'),
(333, 2015, 5, 'D', 22, 'J'),
(334, 2015, 5, 'A', 28, 'L'),
(335, 2015, 5, 'B', 15, 'J'),
(336, 2015, 5, 'E', 19, 'L'),
(337, 2015, 5, 'D', 23, 'M'),
(338, 2015, 5, 'E', 36, 'M'),
(339, 2015, 5, 'A', 29, 'M'),
(340, 2015, 5, 'B', 16, 'J'),
(341, 2015, 5, 'D', 24, 'L'),
(342, 2015, 5, 'E', 37, 'L'),
(343, 2015, 5, 'D', 25, 'L'),
(344, 2015, 5, 'B', 17, 'M'),
(345, 2015, 5, 'E', 20, 'K'),
(346, 2015, 5, 'C', 18, 'M'),
(347, 2015, 5, 'E', 21, 'J'),
(348, 2015, 4, 'B', 30, 'K'),
(349, 2015, 5, 'C', 19, 'K'),
(350, 2015, 5, 'B', 29, 'L'),
(351, 2015, 5, 'D', 26, 'L'),
(352, 2015, 5, 'B', 30, 'M'),
(353, 2015, 5, 'E', 22, 'J'),
(354, 2015, 5, 'E', 38, 'J'),
(355, 2015, 4, 'B', 11, 'L'),
(356, 2015, 5, 'D', 33, 'J'),
(357, 2015, 5, 'C', 1, 'J'),
(358, 2015, 5, 'E', 11, 'M'),
(359, 2015, 5, 'E', 15, 'L'),
(360, 2015, 5, 'E', 8, 'M'),
(361, 2015, 5, 'C', 9, 'J'),
(362, 2015, 5, 'B', 18, 'J'),
(363, 2015, 5, 'A', 20, 'K'),
(364, 2015, 5, 'D', 6, 'K'),
(365, 2015, 5, 'C', 33, 'M'),
(366, 2015, 5, 'C', 3, 'J'),
(367, 2015, 5, 'C', 24, 'J'),
(368, 2015, 6, 'E', 39, 'M'),
(369, 2015, 4, 'A', 1, 'J'),
(370, 2015, 4, 'B', 12, 'L'),
(371, 2015, 4, 'A', 2, 'J'),
(372, 2015, 4, 'C', 26, 'K'),
(373, 2015, 4, 'C', 1, 'J'),
(374, 2015, 3, 'C', 1, 'M'),
(375, 2015, 4, 'B', 1, 'J'),
(376, 2015, 4, 'D', 17, 'J'),
(377, 2015, 4, 'C', 2, 'K'),
(378, 2015, 4, 'C', 27, 'J'),
(379, 2015, 4, 'D', 1, 'K'),
(380, 2015, 4, 'C', 28, 'M'),
(381, 2015, 4, 'D', 2, 'L'),
(382, 2015, 4, 'D', 18, 'K'),
(383, 2015, 4, 'A', 3, 'J'),
(384, 2015, 4, 'B', 13, 'M'),
(385, 2015, 4, 'D', 19, 'K'),
(386, 2015, 3, 'C', 23, 'M'),
(387, 2015, 4, 'C', 3, 'M'),
(388, 2015, 4, 'C', 29, 'K'),
(389, 2015, 3, 'A', 24, 'J'),
(390, 2015, 4, 'A', 4, 'M'),
(391, 2015, 4, 'D', 3, 'M'),
(392, 2015, 3, 'A', 3, 'M'),
(393, 2015, 4, 'D', 20, 'K'),
(394, 2015, 3, 'A', 25, 'J'),
(395, 2015, 4, 'A', 5, 'J'),
(396, 2015, 4, 'A', 6, 'J'),
(397, 2015, 4, 'D', 21, 'J'),
(398, 2015, 4, 'D', 22, 'M'),
(399, 2015, 4, 'C', 4, 'J'),
(400, 2015, 4, 'B', 14, 'K'),
(401, 2015, 4, 'B', 15, 'K'),
(402, 2015, 4, 'B', 16, 'J'),
(403, 2015, 4, 'B', 17, 'L'),
(404, 2015, 4, 'B', 18, 'L'),
(405, 2015, 3, 'C', 5, 'L'),
(406, 2015, 4, 'D', 5, 'J'),
(407, 2015, 4, 'C', 5, 'L'),
(408, 2015, 4, 'C', 6, 'L'),
(409, 2015, 4, 'C', 7, 'J'),
(410, 2015, 4, 'C', 8, 'L'),
(411, 2015, 4, 'D', 23, 'L'),
(412, 2015, 4, 'C', 30, 'J'),
(413, 2015, 4, 'D', 6, 'M'),
(414, 2015, 4, 'A', 7, 'J'),
(415, 2015, 4, 'B', 19, 'J'),
(416, 2015, 4, 'B', 2, 'M'),
(417, 2015, 4, 'A', 21, 'L'),
(418, 2015, 4, 'A', 8, 'L'),
(419, 2015, 4, 'A', 22, 'J'),
(420, 2015, 3, 'C', 25, 'K'),
(421, 2015, 4, 'D', 7, 'K'),
(422, 2015, 3, 'C', 8, 'K'),
(423, 2015, 4, 'B', 3, 'M'),
(424, 2015, 4, 'B', 4, 'J'),
(425, 2015, 4, 'C', 9, 'L'),
(426, 2015, 4, 'B', 20, 'M'),
(427, 2015, 4, 'C', 10, 'M'),
(428, 2015, 4, 'D', 24, 'L'),
(429, 2015, 4, 'C', 11, 'L'),
(430, 2015, 4, 'B', 21, 'L'),
(431, 2015, 4, 'D', 25, 'L'),
(432, 2015, 4, 'D', 8, 'M'),
(433, 2015, 4, 'C', 31, 'J'),
(434, 2015, 4, 'B', 22, 'K'),
(435, 2015, 4, 'D', 26, 'M'),
(436, 2015, 4, 'C', 12, 'L'),
(437, 2015, 4, 'C', 13, 'K'),
(438, 2015, 4, 'D', 9, 'K'),
(439, 2015, 4, 'B', 5, 'M'),
(440, 2015, 4, 'C', 14, 'K'),
(441, 2015, 4, 'D', 27, 'M'),
(442, 2015, 4, 'A', 9, 'L'),
(443, 2015, 4, 'C', 32, 'J'),
(444, 2015, 4, 'C', 15, 'M'),
(445, 2015, 4, 'A', 23, 'L'),
(446, 2015, 4, 'A', 10, 'K'),
(447, 2015, 4, 'D', 28, 'M'),
(448, 2015, 4, 'D', 29, 'M'),
(449, 2015, 4, 'C', 16, 'L'),
(450, 2015, 4, 'D', 30, 'M'),
(451, 2015, 4, 'B', 23, 'K'),
(452, 2015, 4, 'C', 17, 'J'),
(453, 2015, 4, 'D', 31, 'L'),
(454, 2015, 4, 'D', 32, 'K'),
(455, 2015, 4, 'A', 11, 'J'),
(456, 2015, 4, 'D', 33, 'L'),
(457, 2015, 4, 'C', 33, 'J'),
(458, 2015, 4, 'A', 12, 'K'),
(459, 2015, 4, 'D', 34, 'M'),
(460, 2015, 4, 'A', 13, 'K'),
(461, 2015, 4, 'D', 11, 'K'),
(462, 2015, 4, 'C', 34, 'M'),
(463, 2015, 4, 'D', 12, 'K'),
(464, 2015, 4, 'D', 13, 'L'),
(465, 2015, 4, 'C', 18, 'M'),
(466, 2015, 4, 'C', 35, 'J'),
(467, 2015, 4, 'B', 25, 'J'),
(468, 2015, 4, 'A', 15, 'M'),
(469, 2015, 3, 'A', 11, 'L'),
(470, 2015, 4, 'B', 6, 'K'),
(471, 2015, 4, 'D', 14, 'J'),
(472, 2015, 4, 'D', 35, 'L'),
(473, 2015, 4, 'B', 26, 'J'),
(474, 2015, 4, 'D', 36, 'K'),
(475, 2015, 4, 'C', 36, 'L'),
(476, 2015, 4, 'B', 27, 'J'),
(477, 2015, 4, 'C', 19, 'L'),
(478, 2015, 3, 'C', 29, 'K'),
(479, 2015, 3, 'D', 35, 'K'),
(480, 2015, 4, 'C', 20, 'M'),
(481, 2015, 4, 'D', 37, 'M'),
(482, 2015, 4, 'B', 7, 'M'),
(483, 2015, 4, 'A', 16, 'K'),
(484, 2015, 4, 'B', 8, 'L'),
(485, 2015, 4, 'C', 37, 'L'),
(486, 2015, 4, 'C', 21, 'J'),
(487, 2015, 4, 'A', 28, 'K'),
(488, 2015, 4, 'B', 29, 'K'),
(489, 2015, 4, 'C', 38, 'L'),
(490, 2015, 4, 'B', 9, 'J'),
(491, 2015, 4, 'A', 29, 'L'),
(492, 2015, 3, 'C', 19, 'J'),
(493, 2015, 4, 'A', 30, 'M'),
(494, 2015, 4, 'B', 10, 'M'),
(495, 2015, 4, 'C', 23, 'L'),
(496, 2015, 4, 'C', 24, 'L'),
(497, 2015, 4, 'D', 15, 'K'),
(498, 2015, 4, 'C', 25, 'J'),
(499, 2015, 4, 'A', 17, 'K'),
(500, 2015, 4, 'A', 18, 'K'),
(501, 2015, 4, 'D', 38, 'M'),
(502, 2015, 4, 'D', 16, 'M'),
(503, 2015, 4, 'D', 4, 'L'),
(504, 2015, 4, 'D', 10, 'L'),
(505, 2015, 4, 'C', 22, 'K'),
(506, 2015, 3, 'C', 28, 'L'),
(507, 2015, 3, 'A', 1, 'K'),
(508, 2015, 3, 'A', 21, 'M'),
(509, 2015, 3, 'B', 1, 'M'),
(510, 2015, 3, 'B', 22, 'L'),
(511, 2015, 3, 'B', 2, 'M'),
(512, 2015, 3, 'B', 3, 'M'),
(513, 2015, 3, 'C', 2, 'L'),
(514, 2015, 3, 'C', 3, 'J'),
(515, 2015, 3, 'A', 2, 'J'),
(516, 2015, 2, 'A', 4, 'K'),
(517, 2015, 3, 'B', 4, 'M'),
(518, 2015, 3, 'B', 23, 'J'),
(519, 2015, 3, 'A', 22, 'K'),
(520, 2015, 3, 'B', 24, 'M'),
(521, 2015, 3, 'C', 22, 'M'),
(522, 2015, 3, 'A', 23, 'K'),
(523, 2015, 3, 'B', 5, 'K'),
(524, 2015, 3, 'D', 2, 'J'),
(525, 2015, 3, 'B', 6, 'L'),
(526, 2015, 3, 'C', 4, 'J'),
(527, 2015, 3, 'A', 26, 'L'),
(528, 2015, 3, 'C', 24, 'L'),
(529, 2015, 3, 'B', 7, 'J'),
(530, 2015, 3, 'B', 8, 'M'),
(531, 2015, 3, 'D', 21, 'L'),
(532, 2015, 3, 'C', 6, 'L'),
(533, 2015, 3, 'A', 4, 'J'),
(534, 2015, 3, 'B', 9, 'J'),
(535, 2015, 3, 'D', 3, 'J'),
(536, 2015, 3, 'D', 4, 'L'),
(537, 2015, 2, 'C', 22, 'J'),
(538, 2015, 3, 'A', 27, 'K'),
(539, 2015, 3, 'B', 25, 'J'),
(540, 2015, 3, 'C', 7, 'K'),
(541, 2015, 3, 'A', 5, 'M'),
(542, 2015, 3, 'B', 10, 'K'),
(543, 2015, 3, 'A', 6, 'M'),
(544, 2015, 3, 'A', 7, 'L'),
(545, 2015, 3, 'B', 11, 'K'),
(546, 2015, 3, 'B', 26, 'L'),
(547, 2015, 3, 'B', 12, 'M'),
(548, 2015, 2, 'C', 25, 'J'),
(549, 2015, 3, 'D', 5, 'M'),
(550, 2015, 3, 'A', 28, 'J'),
(551, 2015, 3, 'B', 13, 'M'),
(552, 2015, 3, 'C', 9, 'L'),
(553, 2015, 3, 'D', 6, 'M'),
(554, 2015, 3, 'C', 26, 'K'),
(555, 2015, 3, 'D', 23, 'M'),
(556, 2015, 2, 'A', 10, 'K'),
(557, 2015, 3, 'C', 27, 'M'),
(558, 2015, 3, 'D', 7, 'L'),
(559, 2015, 3, 'D', 24, 'L'),
(560, 2015, 3, 'A', 8, 'K'),
(561, 2015, 3, 'D', 25, 'M'),
(562, 2015, 3, 'D', 8, 'J'),
(563, 2015, 3, 'B', 27, 'M'),
(564, 2015, 3, 'D', 9, 'J'),
(565, 2015, 3, 'D', 10, 'L'),
(566, 2015, 3, 'C', 10, 'K'),
(567, 2015, 3, 'C', 11, 'K'),
(568, 2015, 3, 'D', 11, 'M'),
(569, 2015, 3, 'D', 12, 'K'),
(570, 2015, 3, 'D', 26, 'K'),
(571, 2015, 2, 'A', 21, 'L'),
(572, 2015, 3, 'D', 27, 'K'),
(573, 2015, 3, 'A', 29, 'J'),
(574, 2015, 3, 'D', 13, 'L'),
(575, 2015, 3, 'A', 9, 'L'),
(576, 2015, 3, 'D', 29, 'M'),
(577, 2015, 3, 'D', 14, 'J'),
(578, 2015, 3, 'D', 30, 'J'),
(579, 2015, 3, 'C', 12, 'J'),
(580, 2015, 3, 'B', 28, 'J'),
(581, 2015, 3, 'A', 10, 'M'),
(582, 2015, 3, 'B', 29, 'K'),
(583, 2015, 3, 'D', 31, 'K'),
(584, 2015, 3, 'B', 14, 'M'),
(585, 2015, 3, 'D', 32, 'K'),
(586, 2015, 3, 'C', 13, 'K'),
(587, 2015, 3, 'D', 33, 'M'),
(588, 2015, 3, 'A', 30, 'L'),
(589, 2015, 3, 'B', 30, 'L'),
(590, 2015, 3, 'A', 12, 'M'),
(591, 2015, 3, 'B', 15, 'J'),
(592, 2015, 3, 'D', 34, 'M'),
(593, 2015, 2, 'C', 28, 'L'),
(594, 2015, 3, 'C', 30, 'J'),
(595, 2015, 3, 'B', 31, 'J'),
(596, 2015, 3, 'A', 13, 'K'),
(597, 2015, 3, 'B', 16, 'J'),
(598, 2015, 3, 'B', 17, 'L'),
(599, 2015, 3, 'B', 18, 'K'),
(600, 2015, 3, 'C', 14, 'K'),
(601, 2015, 3, 'D', 36, 'J'),
(602, 2015, 3, 'B', 32, 'K'),
(603, 2015, 3, 'C', 31, 'M'),
(604, 2015, 3, 'A', 14, 'L'),
(605, 2015, 3, 'B', 33, 'J'),
(606, 2015, 3, 'D', 15, 'M'),
(607, 2015, 3, 'A', 31, 'M'),
(608, 2015, 3, 'D', 16, 'J'),
(609, 2015, 3, 'D', 17, 'L'),
(610, 2015, 3, 'D', 18, 'J'),
(611, 2015, 3, 'C', 32, 'K'),
(612, 2015, 3, 'B', 19, 'J'),
(613, 2015, 3, 'C', 15, 'L'),
(614, 2015, 3, 'C', 33, 'L'),
(615, 2015, 3, 'D', 19, 'L'),
(616, 2015, 3, 'A', 15, 'M'),
(617, 2015, 3, 'C', 34, 'J'),
(618, 2015, 3, 'A', 16, 'J'),
(619, 2015, 3, 'A', 17, 'L'),
(620, 2015, 3, 'A', 32, 'K'),
(621, 2015, 3, 'A', 18, 'M'),
(622, 2015, 3, 'C', 16, 'M'),
(623, 2015, 3, 'C', 17, 'K'),
(624, 2015, 3, 'C', 18, 'M'),
(625, 2015, 3, 'B', 20, 'M'),
(626, 2015, 3, 'C', 35, 'L'),
(627, 2015, 3, 'A', 19, 'M'),
(628, 2015, 3, 'D', 20, 'K'),
(629, 2015, 3, 'C', 36, 'K'),
(630, 2015, 3, 'D', 37, 'M'),
(631, 2015, 3, 'A', 33, 'L'),
(632, 2015, 3, 'C', 20, 'L'),
(633, 2015, 3, 'A', 20, 'J'),
(634, 2015, 3, 'A', 34, 'M'),
(635, 2015, 3, 'B', 36, 'K'),
(636, 2015, 2, 'C', 19, 'J'),
(637, 2015, 3, 'A', 35, 'J'),
(638, 2015, 2, 'A', 18, 'L'),
(639, 2015, 3, 'A', 36, 'L'),
(640, 2015, 3, 'B', 35, 'K'),
(641, 2015, 3, 'B', 34, 'L'),
(642, 2015, 3, 'D', 1, 'K'),
(643, 2015, 3, 'B', 21, 'K'),
(644, 2015, 3, 'D', 22, 'J'),
(645, 2015, 3, 'B', 37, 'M'),
(646, 2015, 3, 'C', 21, 'J'),
(647, 2015, 3, 'D', 28, 'M'),
(648, 2015, 2, 'C', 20, 'J'),
(649, 2015, 2, 'B', 22, 'J'),
(650, 2015, 2, 'C', 1, 'K'),
(651, 2015, 2, 'D', 1, 'K'),
(652, 2015, 2, 'B', 23, 'L'),
(653, 2015, 2, 'D', 2, 'L'),
(654, 2015, 1, 'A', 19, 'J'),
(655, 2015, 2, 'D', 3, 'J'),
(656, 2015, 2, 'A', 1, 'M'),
(657, 2015, 2, 'C', 21, 'K'),
(658, 2015, 2, 'D', 4, 'J'),
(659, 2015, 2, 'D', 5, 'K'),
(660, 2015, 2, 'A', 2, 'M'),
(661, 2015, 2, 'D', 6, 'L'),
(662, 2015, 2, 'B', 24, 'K'),
(663, 2015, 2, 'A', 3, 'K'),
(664, 2015, 2, 'A', 5, 'L'),
(665, 2015, 2, 'D', 22, 'L'),
(666, 2015, 2, 'B', 1, 'K'),
(667, 2015, 2, 'B', 2, 'L'),
(668, 2015, 2, 'B', 3, 'J'),
(669, 2015, 2, 'C', 2, 'K'),
(670, 2015, 2, 'B', 4, 'J'),
(671, 2015, 2, 'A', 6, 'J'),
(672, 2015, 2, 'D', 7, 'M'),
(673, 2015, 2, 'A', 7, 'J'),
(674, 2015, 2, 'B', 5, 'L'),
(675, 2015, 2, 'B', 25, 'M'),
(676, 2015, 2, 'A', 8, 'K'),
(677, 2015, 2, 'B', 6, 'M'),
(678, 2015, 2, 'B', 7, 'M'),
(679, 2015, 1, 'C', 4, 'L'),
(680, 2015, 2, 'D', 24, 'L'),
(681, 2015, 2, 'B', 8, 'J'),
(682, 2015, 2, 'D', 8, 'K'),
(683, 2015, 2, 'B', 9, 'M'),
(684, 2015, 2, 'C', 3, 'J'),
(685, 2015, 2, 'D', 25, 'M'),
(686, 2015, 2, 'B', 26, 'K'),
(687, 2015, 2, 'B', 27, 'J'),
(688, 2015, 2, 'A', 9, 'M'),
(689, 2015, 2, 'B', 10, 'M'),
(690, 2015, 2, 'D', 9, 'K'),
(691, 2015, 2, 'D', 26, 'M'),
(692, 2015, 2, 'A', 19, 'K'),
(693, 2015, 2, 'D', 10, 'L'),
(694, 2015, 2, 'D', 11, 'L'),
(695, 2015, 2, 'B', 11, 'K'),
(696, 2015, 2, 'B', 12, 'L'),
(697, 2015, 2, 'C', 24, 'K'),
(698, 2015, 2, 'C', 4, 'K'),
(699, 2015, 2, 'B', 28, 'L'),
(700, 2015, 2, 'C', 26, 'K'),
(701, 2015, 2, 'C', 27, 'M'),
(702, 2015, 2, 'B', 13, 'J'),
(703, 2015, 2, 'B', 29, 'J'),
(704, 2015, 2, 'A', 20, 'L'),
(705, 2015, 2, 'D', 27, 'K'),
(706, 2015, 2, 'B', 14, 'J'),
(707, 2015, 2, 'C', 5, 'K'),
(708, 2015, 2, 'D', 12, 'M'),
(709, 2015, 2, 'B', 30, 'M'),
(710, 2015, 2, 'D', 13, 'J'),
(711, 2015, 2, 'D', 14, 'J'),
(712, 2015, 2, 'C', 6, 'L'),
(713, 2015, 2, 'C', 7, 'M'),
(714, 2015, 2, 'D', 28, 'L'),
(715, 2015, 2, 'A', 11, 'K'),
(716, 2015, 2, 'B', 15, 'K'),
(717, 2015, 2, 'A', 22, 'M'),
(718, 2015, 2, 'C', 8, 'L'),
(719, 2015, 2, 'D', 15, 'L'),
(720, 2015, 2, 'D', 16, 'K'),
(721, 2015, 2, 'A', 12, 'K'),
(722, 2015, 2, 'D', 29, 'J'),
(723, 2015, 2, 'A', 23, 'K'),
(724, 2015, 2, 'A', 13, 'K'),
(725, 2015, 2, 'C', 9, 'J'),
(726, 2015, 2, 'B', 16, 'M'),
(727, 2015, 2, 'C', 10, 'L'),
(728, 2015, 2, 'D', 17, 'M'),
(729, 2015, 2, 'D', 30, 'J'),
(730, 2015, 2, 'B', 31, 'J'),
(731, 2015, 2, 'D', 31, 'L'),
(732, 2015, 2, 'A', 24, 'L'),
(733, 2015, 2, 'A', 25, 'J'),
(734, 2015, 2, 'B', 32, 'J'),
(735, 2015, 2, 'A', 26, 'K'),
(736, 2015, 2, 'B', 17, 'M'),
(737, 2015, 2, 'C', 11, 'M'),
(738, 2015, 2, 'D', 19, 'J'),
(739, 2015, 2, 'C', 12, 'K'),
(740, 2015, 2, 'A', 27, 'L'),
(741, 2015, 2, 'C', 13, 'L'),
(742, 2015, 2, 'A', 28, 'L'),
(743, 2015, 2, 'A', 14, 'M'),
(744, 2015, 2, 'A', 15, 'K'),
(745, 2015, 2, 'C', 14, 'J'),
(746, 2015, 2, 'C', 15, 'L'),
(747, 2015, 2, 'A', 16, 'K'),
(748, 2015, 2, 'A', 29, 'J'),
(749, 2015, 2, 'C', 29, 'J'),
(750, 2015, 1, 'B', 15, 'M'),
(751, 2015, 2, 'C', 16, 'M'),
(752, 2015, 2, 'A', 30, 'K'),
(753, 2015, 2, 'B', 18, 'K'),
(754, 2015, 2, 'B', 19, 'L'),
(755, 2015, 2, 'D', 32, 'L'),
(756, 2015, 2, 'A', 17, 'M'),
(757, 2015, 2, 'B', 20, 'L'),
(758, 2015, 2, 'A', 31, 'L'),
(759, 2015, 2, 'D', 33, 'K'),
(760, 2015, 2, 'C', 30, 'M'),
(761, 2015, 2, 'C', 17, 'L'),
(762, 2015, 2, 'B', 33, 'K'),
(763, 2015, 2, 'D', 34, 'M'),
(764, 2015, 2, 'B', 21, 'J'),
(765, 2015, 2, 'B', 34, 'M'),
(766, 2015, 2, 'C', 31, 'K'),
(767, 2015, 2, 'B', 35, 'M'),
(768, 2015, 2, 'C', 32, 'M'),
(769, 2015, 2, 'D', 35, 'M'),
(770, 2015, 2, 'C', 18, 'J'),
(771, 2015, 2, 'D', 21, 'J'),
(772, 2015, 2, 'A', 32, 'M'),
(773, 2015, 2, 'C', 33, 'K'),
(774, 2015, 2, 'D', 23, 'K'),
(775, 2015, 2, 'D', 20, 'K'),
(776, 2015, 2, 'D', 18, 'K'),
(777, 2015, 2, 'C', 23, 'K'),
(778, 2015, 1, 'D', 2, 'M'),
(779, 2015, 1, 'C', 1, 'J'),
(780, 2015, 1, 'D', 20, 'J'),
(781, 2015, 1, 'B', 1, 'K'),
(782, 2015, 1, 'A', 3, 'L'),
(783, 2015, 1, 'D', 4, 'M'),
(784, 2015, 1, 'D', 5, 'L'),
(785, 2015, 1, 'B', 5, 'K'),
(786, 2015, 1, 'B', 6, 'L'),
(787, 2015, 1, 'B', 7, 'M'),
(788, 2015, 1, 'C', 3, 'K'),
(789, 2015, 1, 'B', 8, 'L'),
(790, 2015, 1, 'D', 8, 'J'),
(791, 2015, 1, 'A', 22, 'J'),
(792, 2015, 1, 'B', 23, 'M'),
(793, 2015, 1, 'A', 7, 'J'),
(794, 2015, 1, 'A', 9, 'J'),
(795, 2015, 1, 'A', 10, 'K'),
(796, 2015, 1, 'D', 9, 'L'),
(797, 2015, 1, 'D', 24, 'K'),
(798, 2015, 1, 'C', 6, 'J'),
(799, 2015, 1, 'C', 7, 'K'),
(800, 2015, 1, 'B', 27, 'M'),
(801, 2015, 1, 'C', 25, 'L'),
(802, 2015, 1, 'C', 8, 'L'),
(803, 2015, 1, 'A', 27, 'J'),
(804, 2015, 1, 'B', 28, 'J'),
(805, 2015, 1, 'C', 10, 'J'),
(806, 2015, 1, 'C', 28, 'K'),
(807, 2015, 1, 'B', 29, 'K'),
(808, 2015, 1, 'B', 14, 'K'),
(809, 2015, 1, 'B', 30, 'L'),
(810, 2015, 1, 'D', 11, 'K'),
(811, 2015, 1, 'C', 30, 'M'),
(812, 2015, 1, 'D', 28, 'J'),
(813, 2015, 1, 'D', 12, 'L'),
(814, 2015, 1, 'D', 16, 'K'),
(815, 2015, 1, 'C', 16, 'M'),
(816, 2015, 1, 'B', 32, 'L'),
(817, 2015, 1, 'D', 17, 'L'),
(818, 2015, 1, 'A', 1, 'J'),
(819, 2015, 1, 'D', 1, 'L'),
(820, 2015, 1, 'C', 20, 'K'),
(821, 2015, 1, 'D', 18, 'M'),
(822, 2015, 1, 'C', 21, 'L'),
(823, 2015, 1, 'A', 2, 'K'),
(824, 2015, 1, 'D', 3, 'K'),
(825, 2015, 1, 'B', 2, 'L'),
(826, 2015, 1, 'A', 4, 'M'),
(827, 2015, 1, 'D', 21, 'K'),
(828, 2015, 1, 'B', 20, 'M'),
(829, 2015, 1, 'A', 6, 'K'),
(830, 2015, 1, 'C', 2, 'J'),
(831, 2015, 1, 'B', 21, 'J'),
(832, 2015, 1, 'D', 22, 'L'),
(833, 2015, 1, 'B', 3, 'M'),
(834, 2015, 1, 'B', 4, 'J'),
(835, 2015, 1, 'A', 20, 'L'),
(836, 2015, 1, 'A', 21, 'M'),
(837, 2015, 1, 'B', 22, 'K'),
(838, 2015, 1, 'B', 9, 'L'),
(839, 2015, 1, 'D', 6, 'M'),
(840, 2015, 1, 'D', 7, 'M'),
(841, 2015, 1, 'A', 8, 'M'),
(842, 2015, 1, 'C', 22, 'M'),
(843, 2015, 1, 'A', 23, 'K'),
(844, 2015, 1, 'A', 11, 'K'),
(845, 2015, 1, 'B', 10, 'L'),
(846, 2015, 1, 'A', 12, 'K'),
(847, 2015, 1, 'A', 13, 'L'),
(848, 2015, 1, 'B', 24, 'L'),
(849, 2015, 1, 'B', 11, 'M'),
(850, 2015, 1, 'D', 23, 'J'),
(851, 2015, 1, 'B', 25, 'M'),
(852, 2015, 1, 'C', 23, 'J'),
(853, 2015, 1, 'B', 26, 'J'),
(854, 2015, 1, 'A', 14, 'M'),
(855, 2015, 1, 'D', 25, 'K'),
(856, 2015, 1, 'C', 5, 'M'),
(857, 2015, 1, 'A', 24, 'L'),
(858, 2015, 1, 'D', 10, 'J'),
(859, 2015, 1, 'D', 26, 'L'),
(860, 2015, 1, 'C', 24, 'K'),
(861, 2015, 1, 'A', 25, 'L'),
(862, 2015, 1, 'A', 26, 'M'),
(863, 2015, 1, 'D', 27, 'M'),
(864, 2015, 1, 'C', 26, 'M'),
(865, 2015, 1, 'A', 28, 'M'),
(866, 2015, 1, 'C', 9, 'M'),
(867, 2015, 1, 'C', 11, 'K'),
(868, 2015, 1, 'C', 12, 'L'),
(869, 2015, 1, 'C', 27, 'J'),
(870, 2015, 1, 'B', 12, 'J'),
(871, 2015, 1, 'C', 13, 'M'),
(872, 2015, 1, 'B', 13, 'J'),
(873, 2015, 1, 'A', 15, 'K'),
(874, 2015, 1, 'C', 29, 'L'),
(875, 2015, 1, 'A', 16, 'L'),
(876, 2015, 1, 'C', 14, 'J'),
(877, 2015, 1, 'C', 31, 'J'),
(878, 2015, 1, 'A', 17, 'L'),
(879, 2015, 1, 'D', 29, 'K'),
(880, 2015, 1, 'D', 30, 'L'),
(881, 2015, 1, 'D', 13, 'M'),
(882, 2015, 1, 'D', 31, 'M'),
(883, 2015, 1, 'A', 18, 'J'),
(884, 2015, 1, 'B', 16, 'M'),
(885, 2015, 1, 'D', 14, 'M'),
(886, 2015, 1, 'B', 31, 'L'),
(887, 2015, 1, 'A', 29, 'J'),
(888, 2015, 1, 'C', 15, 'K'),
(889, 2015, 1, 'D', 15, 'J'),
(890, 2015, 1, 'B', 17, 'L'),
(891, 2015, 1, 'C', 32, 'K'),
(892, 2015, 1, 'B', 18, 'J'),
(893, 2015, 1, 'A', 30, 'M'),
(894, 2015, 1, 'A', 31, 'J'),
(895, 2015, 1, 'A', 32, 'K'),
(896, 2015, 1, 'C', 17, 'K'),
(897, 2015, 1, 'C', 18, 'J'),
(898, 2015, 1, 'B', 19, 'L'),
(899, 2015, 1, 'A', 5, 'J'),
(900, 2015, 1, 'D', 19, 'K'),
(901, 2015, 1, 'C', 19, 'K'),
(902, 2015, 6, 'B', 30, 'M');

--
-- Indexes for dumped tables
--

--
-- Indexes for table `activity`
--
ALTER TABLE `activity`
  ADD PRIMARY KEY (`activity_index`);

--
-- Indexes for table `activity_student`
--
ALTER TABLE `activity_student`
  ADD PRIMARY KEY (`activity_index`,`student_index`,`student_enrollment_year`),
  ADD KEY `Student_FK` (`student_index`,`student_enrollment_year`);

--
-- Indexes for table `student`
--
ALTER TABLE `student`
  ADD PRIMARY KEY (`student_index`),
  ADD UNIQUE KEY `student_index` (`student_index`);

--
-- Indexes for table `student_yearly_info`
--
ALTER TABLE `student_yearly_info`
  ADD PRIMARY KEY (`student_index`,`enrollment_year`),
  ADD KEY `student_index` (`student_index`);

--
-- AUTO_INCREMENT for dumped tables
--

--
-- AUTO_INCREMENT for table `activity`
--
ALTER TABLE `activity`
  MODIFY `activity_index` int(10) UNSIGNED NOT NULL AUTO_INCREMENT, AUTO_INCREMENT=10;
--
-- AUTO_INCREMENT for table `student`
--
ALTER TABLE `student`
  MODIFY `student_index` int(10) UNSIGNED NOT NULL AUTO_INCREMENT, AUTO_INCREMENT=903;
--
-- Constraints for dumped tables
--

--
-- Constraints for table `activity_student`
--
ALTER TABLE `activity_student`
  ADD CONSTRAINT `Activity_FK` FOREIGN KEY (`activity_index`) REFERENCES `activity` (`activity_index`),
  ADD CONSTRAINT `Student_FK` FOREIGN KEY (`student_index`,`student_enrollment_year`) REFERENCES `student_yearly_info` (`student_index`, `enrollment_year`);

--
-- Constraints for table `student_yearly_info`
--
ALTER TABLE `student_yearly_info`
  ADD CONSTRAINT `ForeignKeyOnStudent_Index` FOREIGN KEY (`student_index`) REFERENCES `student` (`student_index`);

/*!40101 SET CHARACTER_SET_CLIENT=@OLD_CHARACTER_SET_CLIENT */;
/*!40101 SET CHARACTER_SET_RESULTS=@OLD_CHARACTER_SET_RESULTS */;
/*!40101 SET COLLATION_CONNECTION=@OLD_COLLATION_CONNECTION */;
